Nom_Hotel,Adresse,Site_Web,Domaine,LinkedIn_Company,Source_LinkedIn,Email_Trouve,Type_Email,Nom_Associe
Ladies Spot beauty lounge and spa,9 LOT NASR ALMOUSTAKBAL (RTE FOUARAT) T Témara 470 MAG Maroc,https://instagram.com/ladiesspotbeautylounge?utm_medium=copy_link,instagram.com,,,,,
Le 16éme SPA,IMM 20 LOT ONE HILLS LES ORCHIDES MAG 20 Bouskoura Maroc,https://www.le16emespa.ma/,le16emespa.ma,,,contact@le16emespa.ma,Générique,
Magnolia Luxury Spa,3011 Oulad benamer RP KM 6 route de bouskoura Casablanca 27182 Casablanca Bouskoura 27182 Maroc,http://greensportspark.ma/,greensportspark.ma,https://www.linkedin.com/company/green-sports-park,Site propre (page d'accueil),mailtoinfo@greensportspark.ma,Nominatif,
Maison Boughlala : Hammam & Spa,6X9V+3P2 S311 Taza Maroc,https://www.instagram.com/ghizlane.boughlala?igsh=dmRqdnNocWhrZzFk,instagram.com,,,,,
Signature By leila & Spa,bureau 4 7C44+8R5 résidence Palace Mimosa Av. Mohamed El Qori Kénitra Maroc,https://instagram.com/signature_by_leila_spa?igshid=YmMyMTA2M2Y=,instagram.com,,,,,
spa la bella rose,layali 2 121 Berrechid 26100 Maroc,https://spalabellarose.com/,spalabellarose.com,,,,,
Villa La Siesta,121 lotissement Mohammédia 28800 Maroc,https://villalasiesta.simplybook.me/,villalasiesta.simplybook.me,,,,,
Centre Venisia : Coiffure & Ésthétique,BVD EL MOUTANABI N°228 béni Mellal Beni-Mellal 23000 Maroc,https://www.facebook.com/ahlam.elmratek,facebook.com,,,,,
Freya beauty & spa,230 Secteur 2 Temara 12012 Maroc,https://www.instagram.com/freyaspa.rabat?igsh=b2ltNXU1Ym43bjEx,instagram.com,,,,,
Salon Batoul Beauty de Coiffure & Ésthetique,Berrechid Maroc,http://batoulbeauty.com.mx/,batoulbeauty.com.mx,,,,,
Arctic Spas - Spas par BOFFO,Zone d'Activité SIRIUS CD47 57360 57360 Amnéville France,http://arcticspas-alsace.fr/,arcticspas-alsace.fr,,,,,
centre ayoub hijama,Lot. 8 N° 78 Rdpt Chahdia Casablanca 20240 Maroc,https://anasovj.github.io/Centre-Ayoub-Hijama/,anasovj.github.io,,,,,
Coliseo Beauty Center,5RVW+P5C Larache Maroc,https://www.instagram.com/coliseo_beauty.center?igsh=MTZxdDFxZGkwY3o4eQ==,instagram.com,,,,,
Les Bains de Suifia,25 Derb Slima Marrakech 40000 Maroc,http://www.suifia.com/,suifia.com,,,,,
MollyNorthClinic,n 1 residence chakirin Rue ahmed lahrizi Tetouan 93000 Maroc,https://mollynorthclinic.ma/,mollynorthclinic.ma,,,,,
Pearl touch marrakesh,Centre d affaire toubkal Marrakech 40000 Maroc,http://www.pearltouch.ma/,pearltouch.ma,,,,,
AQUA STUDIO,554 Rue du Collège 42370 Renaison France,https://www.aquastudio42.fr/,aquastudio42.fr,,,,,
AQUA TRAINING HUB,145 Rue Pierre Simon Laplace in 13290 Aix-en-Provence France,http://planet-aqua.fr/,planet-aqua.fr,,,,,
Aquabecool Martigues,4 All. Pablo Picasso 13500 Martigues France,https://aquabecoolmartigues.fr/,aquabecoolmartigues.fr,,,,,
Aquabike Toulon,77 Bd Louis Charles Delescluze 83200 Toulon France,https://mjaquabiketoulon.wixsite.com/83200,mjaquabiketoulon.wixsite.com,,,,,
AQUAGYM NATATION SOPHROLOGIE BIEN-ETRE LIFFRE,12 All. Olympe de Gouges 35340 Liffré France,https://aqua-sophro.fr/,aqua-sophro.fr,,,,,
Aquarium de Saint Chamond - L'Aquaramiaud,Espace Pablo Neruda Route du coin - Bd des Echarmeaux 42400 Saint-Chamond France,http://www.aquaramiaud.com/,aquaramiaud.com,,,,,
Biodiversarium,Observatoire Océanologique de Av. Pierre Fabre 66650 Banyuls-sur-Mer France,http://www.biodiversarium.fr/,biodiversarium.fr,,,,,
Centre aquatique intercommunal Pays des Sorgues Monts de Vaucluse,Av. Napoléon Bonaparte 84800 L'Isle-sur-la-Sorgue France,https://www.paysdessorgues.fr/,paysdessorgues.fr,,,,,
Fosse de plongée Loïc Leferme Dunkerque,2 Rue du Tornegat 59430 Dunkerque France,https://www.ville-dunkerque.fr/decouvrir-sortir-bouger/sports/les-piscines/la-fosse-de-plongee-loic-leferme,ville-dunkerque.fr,,,,,
La piscine de Mag,6 Ancienne route de Montpellier 34820 Teyran France,http://www.lapiscinedemag.com/,lapiscinedemag.com,,,,,
Loc Piscine Occitanie,3 Av. de Coulombet 30350 Moulézan France,https://loc-piscine-occitanie.vercel.app/,loc-piscine-occitanie.vercel.app,,,,,
Piscine Aquabulle,58 All. de Grangeneuve 33470 Le Teich France,http://www.aquabulleleteich.com/,aquabulleleteich.com,,,,,
Sensation Jura canyon,1 place du chalet 39520 Foncine-le-Bas France,https://sensation-jura-canyon.fr/,sensation-jura-canyon.fr,,,contact@sensation-jura-canyon.fr,Générique,
Sport & O' Montaigu,9 Rue Denis Papin 85600 Montaigu-Vendée France,http://www.sport-et-o.fr/,sport-et-o.fr,,,contact@sport-et-o.fr,Générique,
Centre Nautique de l'Espace Bernard Pellarin,465 Rte du Lac 74350 Cruseilles France,http://www.ccpaysdecruseilles.org/services/centre-nautique,ccpaysdecruseilles.org,https://www.linkedin.com/company/ccpaysdecruseilles,Site propre (page d'accueil),ccpc@ccpaysdecruseilles.org,Nominatif,
L'Îlobulle,14 Rue de la Libération 41700 Le Controis-en-Sologne France,https://www.piscine-lilobulle.fr/,piscine-lilobulle.fr,,,accueil@piscine-lilobulle.fr,Générique,
Far'Aquatique,18 Rue de la Planquette 62138 Auchy-les-Mines France,https://faraquatique.fr/,faraquatique.fr,,,contact@faraquatique.fr,Générique,Mines Port
L'Hippocampe - Grand Cubzaguais,275 Av. Boucicaut 33240 Saint-André-de-Cubzac France,https://lhippocampe.grand-cubzaguais.fr/,lhippocampe.grand-cubzaguais.fr,,,,,
OMEGA - Centre Aquatique - Forme - Bien-être,1 rue Pierre-Gilles de Gennes 91190 Gif-sur-Yvette France,https://omegagif.fr/,omegagif.fr,,,contact@omegagif.fr,Générique,Google Nous
Sport & O' Cugand,Le Mortier 85610 Cugand-la-Bernardière France,https://sport-et-o.fr/,sport-et-o.fr,,,contact@sport-et-o.fr,Générique,
Aqualomois by Vicky,49 Av. de Paris 51700 Dormans France,http://www.aqualomois.fr/,aqualomois.fr,,,contact@aqualomois.fr,Générique,
Espace Aquatique Lilo,Forum des sports 01700 Saint-Maurice-de-Beynost France,https://www.espaceaquatiquelilo.fr/,espaceaquatiquelilo.fr,,,,,
Piscine Intercommunale Aqualis,1 All. de la Piscine 60270 Gouvieux France,https://piscineaqualis.fr/,piscineaqualis.fr,https://www.linkedin.com/company/oramma,Site propre (page d'accueil),contact@piscineaqualis.fr,Générique,
L'Hippocampe,quartier Roqua 1 Chem. du Coton 07200 Aubenas France,http://www.lhippocampe-aqua.fr/,lhippocampe-aqua.fr,,,,,
