sites,Status
https://www.ch-vervins.fr/,Traité
https://www.fleursdepeau.com/,Traité
http://www.chateaulafontaine.com/,Traité
http://www.ch-denain.fr/,Traité
https://www.ma-nouvelle-piscine.fr/,Traité
http://www.tellement-spa.com/,Traité
http://www.mairie-viviers.fr/,Traité
https://www.domainedechabanne.fr/,Traité
https://www.camping-lardecho.fr/,Traité
http://www.hotelrestaurant-latreillemuscate.com/,Traité
https://spa.loucapitelle.com/,Traité
https://aquatic-concept-paysages.fr/,Traité
https://www.drancy.fr/que-faire-a-drancy/pratiquer-un-sport/le-stade-nautique-352.html,Traité
http://ch-ussel.fr/,Traité
https://toulon.fr/envie-bouger/article/horaires-etablissements-aquatiques-saison-2024-2025,Traité
https://www.elan-retrouve.org/places/centre-gilbert-raby/,Traité
https://moment-massage.com/,Traité
https://www.edes-solutions.fr/?utm_source=google&utm_medium=wix_google_business_profile&utm_campaign=8612579617706879706,Traité
https://www.le-ptit-train.com/,Traité
http://www.beausoleilhotel.com/?utm_campaign=uberall&utm_medium=organic&utm_source=googlelisting,Traité
https://www.ville-tullins.fr/actualites/piscine-municipale,Traité
https://www.beautysuccess.fr/nos-points-de-vente/barberey-st-sulpice/029/,Traité
https://www.limoux.fr/,Traité
http://www.victoriapalace.com/,Traité
http://www.hotelroyaloursblanc.com/,Traité
https://www.ermont.fr/251/equipements-sportifs.htm,Traité
http://ocarrespa.com/,Traité
http://www.terrestouloises.com/,Traité
https://www.landes-piscine.com/,Traité
http://www.leperreux94.fr/page/parcs-et-jardins,Traité
https://metropole.toulouse.fr/annuaire/piscine-castex,Traité
https://www.yellohvillage.fr/camping/parc_sainte_brigitte,Traité
https://www.ville-lepecq.fr/map_marker/parc-corbiere/,Traité
https://www.fleurylesaubrais.fr/mes-loisirs/sports/piscine-des-jacobins/,Traité
https://dreux.com/les-parcs-jardins/,Traité
https://www.univi.fr/etablissement/le-domaine-de-la-source/,Traité
https://www.orleans-metropole.fr/sport/etablissements-et-lieux-de-pratique/le-complexe-nautique-de-la-source,Traité
http://www.villedavray.fr/,Traité
https://www.homair.com/camping/les-fontaines-0?utm_campaign=gmb_search&utm_medium=organic&utm_source=google,Traité
https://www.grandbesancon.fr/infos-pratiques/sports-loisirs/piscines/,Traité
https://www.eysines.fr/infos-pratiques/sport-et-loisirs/les-equipements-sportifs/la-piscine-du-pinsan/,Traité
http://www.dombes-tourisme.com/,Traité
https://www.blockout.fr/vitrolles,Traité
https://www.sante.fr/centre-de-sante/bessoncourt/centre-de-sante-amaelles-de-bessoncourt,Traité
https://www.ville-lamadeleine.fr/mes-loisirs/sport/piscine-municipale,Traité
https://www.loireforez.fr/services-au-quotidien/sport/piscine-aqualude/,Traité
https://www.loire-atlantique.fr/44/nature-balades/la-base-de-loisirs-d-abbaretz-pleine-nature/c_1470379,Traité
https://www.aftral.com/aftral-pres-de-chez-vous/aftral/aftral-wancourt,Traité
https://www.lafoliebarbizon.com/le-spa,Traité
https://www.o-dela-du-corps.fr/,Traité
https://cypres-sihaut.com/fr/,Traité
http://www.floralys.com/,Traité
https://www.jean-got.fr/,Traité
https://essentiel-de-lavande.com/fr/,Traité
https://www.deveze.com/,Traité
https://www.chalet-mounier.com/spa-les-deux-alpes/,Traité
http://www.zoodeguadeloupe.com/,Traité
http://tourisme-auverssuroise.fr/,Traité
https://terremeraventure.fr/,Traité
https://lepicardyhotel.com/,Traité
http://www.lebelluneparis.com/,Traité
http://hotelseinerouen.com/,Traité
http://www.hotelducentenaire.fr/,Traité
https://www.hotel-arbor.fr/,Traité
https://hl-corcoue.fr/,Traité
https://www.gites-de-france-ardeche.com/location-Gite-Grospierres-07G101704.html,Traité
https://domainedutyrex.fr/,Traité
https://www.clinique-lemediterranee.com/,Traité
http://www.ch-abbeville.fr/,Traité
https://www.cannes-beausejour.com/,Traité
http://camping-ain.fr/,Traité
http://www.belairpornichet.fr/,Traité
https://aquasun42.fr/,Traité
https://www.amarecorsica.com/,Traité
http://www.aclvv.fr/,Traité
http://www.chateau-pizay.com/?utm_source=google&utm_medium=mybusiness,Traité
https://www.cc-sammiellois.fr/piscine-intercommunale,Traité
https://madeincamp.fr/le-colombier/?utm_source=gmb&utm_medium=organic,Traité
https://www.piratesworld.fr/hebergements/les-sables-dor/,Traité
https://www.avoriaz.com/activites-hiver/centre-aquatique/aquariaz/,Traité
https://www.deville-les-rouen.fr/piscine-municipale-christine-caron/,Traité
https://www.ville-saintjeandelaruelle.fr/vivre-habiter-et-sortir/sport/les-equipements-sportifs/171-centre-aquatique-les-corbolottes,Traité
https://www.saintpolsurternoise.fr/actualites/reouverture-piscine-d37b1d25-f20a-4eba-9bd7-eaff6d10b261,Traité
http://www.terresdeperche.fr/pages/parc-aquatique-du-perche,Traité
https://valaigo.com/mes-services/culture-loisirs/les-piscines-communautaires/,Traité
https://tapni.com/anoq1xjm,Traité
http://www.lenchanteuse.fr/,Traité
https://www.la-coquetterie.fr/,Traité
https://www.facialiste-emerveillance.fr/,Traité
https://www.le-gresivaudan.fr/438-les-piscines-exterieures.htm,Traité
https://stayasyouare.fr/,Traité
https://www.bassinaventures.com/,Traité
https://www.plaisancedutouch.fr/annuaire/piscine-municipale/,Traité
http://www.lesourireinterieur.com/,Traité
https://surfcenter.fr/nos-locations-bateaux-electriques-lac-sainte-croix-pedalos,Traité
http://www.abbeville.fr/cadre-de-vie/developpement-durable/parcs-et-jardins.html,Traité
http://www.loro.fr/,Traité
https://www.mairie-brulon.fr/transitions/base-de-loisirs/,Traité
https://www.marc-montmija.com/etablissements/village-de-vacances-le-tarbesou/,Traité
https://depannage-spa.fr/,Traité
https://www.dreux-agglomeration.fr/,Traité
https://www.silverwoodthemepark.com/rides/boulder-beach.php,Traité
https://www.leboat.com/fr/croisiere-fluviale/france/canal-du-midi?utm_source=GMBlisting&utm_medium=organic,Traité
http://lemoulinideal.fr/,Traité
https://www.civraisienpoitou.fr/equipements-sportifs-et-culturels,Traité
http://www.ville-st-remy-chevreuse.fr/,Traité
http://www.sevremoine.fr/,Traité
http://www.longjumeau.fr/Amenagement/Espaces-verts/Les-parcs-et-jardins,Traité
https://www.murs-erigne.fr/entreprise/camping-des-varennes/,Traité
http://www.douarnevez.com/,Traité
https://www.mainesaosnois.fr/enfance-jeunesse/espace-jeunesse-mamers/,Traité
https://www.belair-hotelrennes.fr/,Traité
http://www.ville-chambray-les-tours.fr/Pole-Jeunesse-et-Sports/La-piscine-municipale,Traité
https://www.covati.fr/actualites/piscine-intercommunale-1,Traité
http://www.nerac.fr/,Traité
https://www.saran.fr/le-centre-nautique,Traité
https://www.larochelle.fr/annuaires/lieux/annuaire/parc-de-laleu,Traité
http://www.stmamet-lasalvetat.com/index.php/activites/piscine,Traité
https://lescouesnons.com/,Traité
https://www.ivry94.fr/366/piscine-robespierre.htm,Traité
https://www.allauch.com/sports/piscine-municipale/informations-pratiques,Traité
http://www.ville-sesg.com/,Traité
http://www.hotelilerousse.com/,Traité
https://www.valleesdopale.com/,Traité
http://www.airvault.fr/fr/information/73235/soulievres,Traité
https://www.arlestourisme.com/fr/monument-detail.html&code=13T2000297,Traité
http://zeneauspa.com/,Traité
http://www.naturangel.fr/,Traité
https://www.saint-nazaire-tourisme.com/les-visites/les-sites-de-visite/espadon/?utm_source=Google_My_Business&utm_medium=Google_My_Business&utm_campaign=Google_My_Business,Traité
http://mahana-institut.fr/,Traité
http://www.a-c-d.fr/,Traité
https://www.mairie-gemenos.fr/sport-et-loisirs/aquagem,Traité
https://aquarilis.fr/,Traité
http://www.cdcdubazadais.fr/,Traité
https://www.vtf-vacances.com/fr_FR/summer/village-vacances/alpes-de-haute-provence/uvernet-fours/l-ouka,Traité
https://www.groupe-sos.org/structure/centre-medical-la-source/,Traité
https://epernay-agglo.fr/sortir-bouger/jardins-et-paysages/haltes-nature/le-parc-vix-a-avize,Traité
http://www.aquasol.com.ar/,Traité
https://www.aquarevpiscines.com/?utm_source=gmb,Traité
https://gravityspace83.com/,Traité
https://splash-park.fr/fr/,Traité
http://www.blacouas.fr/,Traité
https://www.ville-houilles.fr/la-piscine-municipale,Traité
https://curecenter.fr/,Traité
https://www.rcpiscines.fr/,Traité
https://www.lesportesdelanjou.com/,Traité
https://etoileloisirs.fr/?utm_source=gmb,Traité
https://www.camille-m.fr/,Traité
http://zinamara.com/,Traité
https://zenitude-beaute.fr/?utm_source=gmb,Traité
https://www.zenhammam.com/,Traité
https://www.zen-et-relax.fr/,Traité
https://www.zenesens.com/,Traité
http://zenenergie04.fr/,Traité
https://www.zenbychrys.fr/,Traité
https://www.zenao-appart.com/,Traité
https://zee-spa.com/,Traité
http://www.zeal-plaza.com/,Traité
http://www.zali-vitality.com/,Traité
https://www.yrilis.fr/,Traité
http://www.youpendi.fr/,Traité
https://www.youcamp-marseille.fr/,Traité
http://www.yoga-reiki.fr/,Traité
http://yodotka.fr/,Traité
https://www.ynao.net/,Traité
http://www.yimsiam-aix.fr/,Traité
https://www.yetreapeisey.com/,Traité
https://yema-hammam.com/,Traité
https://www.ycr76.fr/,Traité
http://yaor-shiatsuyoga.com/,Traité
http://yakajouer-larochelle.fr/,Traité
https://www.xtreem.fr/,Traité
http://www.heaven-spa.fr/,Traité
https://www.wup-park.com/,Traité
https://wspa-venes.fr/,Traité
http://www.wowpark.fr/,Traité
http://www.yonka.com/,Traité
https://www.woods-hotels.com/,Traité
http://www.wonderful-land.fr/,Traité
https://www.wizztiti.fr/,Traité
https://www.wisplash.fr/,Traité
http://winehote.fr/,Traité
https://whakanga-spa.fr/,Traité
http://wellness-program.com/,Traité
https://www.wellamo.fr/,Traité
http://www.weeloc.com/,Traité
http://www.watthaispa.fr/,Traité
http://www.waterski-park.fr/,Traité
https://www.waterparkdesames.com/,Traité
https://waterjumpcap.com/,Traité
https://waterglisse.com/,Traité
https://www.water-circus.com/,Traité
http://www.water-box.fr/,Traité
https://wakeparkplesse.com/,Traité
https://wakeparadise.fr/,Traité
http://www.volee-do.fr/?utm_source=Google&utm_medium=organic&utm_campaign=gmb,Traité
https://www.viva-spa.fr/,Traité
https://www.vitry-le-francois.net/,Traité
http://www.vitalitude.fr/,Traité
https://vitalisens.fr/,Traité
https://vital-aude.com/,Traité
https://vita-laser.com/,Traité
https://www.visionplage.fr/,Traité
https://www.virtually.mc/fr/beauty-care-marie-ty-france/?utm_source=gmb,Traité
https://vincennes.annesuy-headspa.fr/,Traité
https://www.soissons.fr/camping-municipal-de-soissons,Traité
https://www.villeneuvedelaraho.fr/le-village/camping/,Traité
https://www.latronche.fr/102-piscine-municipale.htm,Traité
http://www.abymes.fr/,Traité
http://www.ville-cayenne.fr/stade-nautique-municipal/,Traité
https://www.ales.fr/sortir-bouger/sport/centre-nautique-toboggan/,Traité
https://villazenetspa.fr/,Traité
http://www.villavictoria-ouistreham.fr/,Traité
https://www.villathalgo.com/,Traité
http://www.villasport.fr/,Traité
https://www.villas-peraccia.com/,Traité
https://villa-seyal.fr/,Traité
http://www.villaseren.fr/,Traité
https://villa-saada.com/,Traité
https://www.villaroubia.com/,Traité
https://villapona.com/,Traité
http://www.villancourt.fr/,Traité
http://www.villa-mayari.com/,Traité
http://www.villaglanum.com/,Traité
http://www.village-vacances-cantal.com/,Traité
https://www.village-nature-zen.com/,Traité
https://villagelerouret.com/,Traité
http://village-enchante.com/,Traité
http://www.villa-duflot.com/,Traité
https://villa-des-charmilles.fr/,Traité
http://www.villa-dali.fr/,Traité
https://www.villacosy.com/,Traité
http://www.villa-clarisse.com/,Traité
https://www.villacalma-isere.com/,Traité
https://villabalao.com/,Traité
http://www.vikingsparc.fr/,Traité
https://vieux-palais.fr/,Traité
https://www.viespa.fr/,Traité
https://viensonsaimesologne.fr/,Traité
http://victoria-wanlin.fr/,Traité
https://victorhugohotel.com/,Traité
http://www.vibramnima.com/,Traité
https://www.vibes-spa.fr/casadi,Traité
http://www.vertlavande.com/,Traité
https://www.vertevallee.com/,Traité
https://www.verdon-les-grands-domaines.com/,Traité
http://www.ventdouest.fr/,Traité
https://venizio.fr/,Traité
http://www.vendee-camping-bellevue.com/,Traité
http://vendeebienetre.com/,Traité
https://vencepiscinesservices.fr/,Traité
http://www.vellinus.fr/,Traité
https://vassiviera.fr/,Traité
https://www.vap-camping.fr/,Traité
https://www.valvignes.com/,Traité
http://valthoirypiscines.com/,Traité
http://valmigliss.com/,Traité
http://www.valleedublavet.bzh/,Traité
http://www.valjoly.com/,Traité
http://valdoreane.fr/?utm_source=Google&utm_medium=SEO&utm_campaign=GMB,Traité
http://valdeseine.iledeloisirs.fr/,Traité
https://www.valdemarne.fr/vivre-en-val-de-marne/le-parc-du-plateau?utm_source=gmb,Traité
https://www.valdegatine.fr/piscine-et-bases-de-loisirs.html,Traité
https://valdeforme.fr/,Traité
https://vaiteaspa.com/,Traité
https://vacances-seasonova.com/fr/camping/les-pres-du-verdon/,Traité
https://www.vacancesjura.com/fr/page/notre-espace-bien-etre,Traité
http://www.utopia-land.fr/,Traité
http://www.usvnatation.fr/,Traité
https://www.uronea.com/,Traité
https://www.un-temps-pour-vous.com/,Traité
https://untempspoursoi35.fr/,Traité
https://unsoupirdesoi.com/,Traité
https://www.universwellness.com/,Traité
http://www.universkids.fr/,Traité
https://www.unisotel.fr/fr,Traité
https://www.unevireeadeux.fr/,Traité
http://www.unepetiteparenthese.com/,Traité
http://www.une-douce-heure.fr/,Traité
https://www.uncocondedetente.fr/?utm_campaign=gmb&utm_content=site-web&utm_medium=organic&utm_source=google,Traité
https://umeababyspa.com/,Traité
http://www.tymad.com/,Traité
https://www.tulumbeachdakhla.com/,Traité
https://www.tucaou.fr/acces-et-contact/,Traité
https://tsn95.fr/,Traité
https://www.tsn44.com/,Traité
https://truyerepleinair.fr/,Traité
http://www.tropicspa.fr/,Traité
https://troncoso-chauffage.fr/,Traité
https://tripntouille.com/,Traité
http://www.treziroise.fr/,Traité
https://tresordesneiges.fr/,Traité
http://www.trempadou.fr/,Traité
https://www.tregorines.com/,Traité
https://www.trampolinepark-paysbasque.fr/,Traité
http://www.toursdemerle.fr/,Traité
https://www.tournoel.com/,Traité
http://www.tourisme-vienne.com/fr/activite/113/aire-de-loisirs,Traité
https://www.tourisme-vexin-nacre.fr/,Traité
https://www.tourisme-en-champagne.com/camping-municipal-de-sezanne/sezanne/hpa0000000000099,Traité
https://www.tourisme-creuse.com/monts-de-gueret/bouger/bases-de-loisirs/,Traité
https://tohimassaji.fr/,Traité
http://www.tipareo.com/,Traité
https://www.tinyspa56.fr/,Traité
https://timerelax.fr/,Traité
https://www.timee.fr/c/therapeute-holistique-sonia-torres/votre-etablissement,Traité
http://www.tilleul-medieval.com/,Traité
https://www.tikoala.fr/,Traité
https://tiibannthaispa.com/reservation-massage/,Traité
https://www.thesuite.fr/,Traité
https://www.thesistersclub.fr/,Traité
https://thermisure.fr/,Traité
http://www.thermiserve.fr/,Traité
https://therm-et-eau.fr/,Traité
https://www.thermes-ussat.fr/,Traité
http://www.thermes-neris.com/,Traité
https://thermes-montrond.com/,Traité
http://www.eauxchaudes.fr/,Traité
http://www.thermesdeneyrac.com/,Traité
http://www.thermes-argeles.fr/,Traité
https://therecoveryspot.fr/,Traité
http://www.thejunglespa.fr/,Traité
http://thebeachskiacademy.com/,Traité
https://www.thaniahotel.com/,Traité
https://www.thalassoleil.fr/,Traité
https://www.thalassoissambres.com/,Traité
https://www.thalassodelame.fr/?utm_source=google&utm_medium=wix_google_business_profile&utm_campaign=15365308435382562421,Traité
http://www.thalaspa.fr/,Traité
http://www.thaiparadis.fr/,Traité
https://www.tetraslyre.com/,Traité
https://terveo.com/,Traité
http://terres-auxois.fr/tour-de-lorle-dor/,Traité
http://www.terres-alma.fr/,Traité
https://terre-estuaire.com/,Traité
http://www.terredusud.net/,Traité
http://terreducoeur.fr/,Traité
http://www.terrederituels.com/,Traité
http://www.terredeprovence-hotelspa.com/,Traité
https://terre-dentente.fr/,Traité
https://www.terredemeraudetourisme.com/,Traité
http://www.terrassesdebeausejour.com/,Traité
http://www.terrasensoria.fr/,Traité
https://terrappiness.fr/,Traité
http://www.terrainsdaventure.fr/,Traité
https://www.terracamps.com/camping-nature/camping-la-bageasse,Traité
https://www.ternoiscom.fr/index.php/piscine/,Traité
https://teraventure.com/,Traité
https://terapiz.com/acupuncteur/ahetze/pierre-de-reimpre,Traité
http://www.terapeya.fr/,Traité
https://www.tepacapvendee.com/,Traité
https://www.tepacap-anjou.fr/,Traité
https://templewellness.fr/,Traité
http://teleskinautiquemoncontour.com/,Traité
https://www.teleskinautiquecotedor.com/,Traité
https://teera-thai-massages.fr/,Traité
http://www.technitherm-rouen.com/,Traité
https://taterapilaser.fr/reserver/centre-de-berthez,Traité
https://www.taranae.fr/,Traité
https://taniere-d-plaisirs.fr/,Traité
https://www.taisma.fr/,Traité
https://www.taakabeerspa.com/,Traité
https://sylvie-laffay-massage-bien-etre.fr/,Traité
https://swimorleans.fr/,Traité
https://swiminthecity.com/,Traité
https://www.swimgarden.fr/,Traité
http://www.swime.fr/,Traité
http://sweetlodge.fr/,Traité
https://www.surehotelreims.fr/,Traité
https://www.surehotelchateauroux.com/,Traité
http://www.sunpiscines.fr/,Traité
http://sulzbad.fr/,Traité
http://suites-evasio.fr/,Traité
https://suitedetente.fr/,Traité
http://www.suite-and-spa.fr/,Traité
http://www.sudcharentetourisme.fr/,Traité
https://www.sudcevennes.com/commerces-services/6004643_cevenspa/,Traité
http://www.sublimpiscines.fr/,Traité
https://sublimgarden.fr/,Traité
https://www.sublime-room.fr/,Traité
https://www.stwalfrid.fr/de/,Traité
http://www.studyhotel.fr/,Traité
https://www.studiomennecy.com/,Traité
https://studioelevate.fr/studioprive/,Traité
http://www.stjoseph-allex.org/,Traité
http://www.sthubert62.com/,Traité
https://steredennspa.com/,Traité
https://www.stereden.com/,Traité
https://stephaniecastan-massage.fr/,Traité
http://www.stephane-shiatsu-guadeloupe.com/,Traité
http://www.stellabienetre.fr/,Traité
https://www.ste-eulalie.com/,Traité
https://www.srmazarine.fr/,Traité
https://www.springwater.fr/,Traité
http://www.sportindoor.fr/,Traité
http://www.sport-et-o.fr/,Traité
http://www.sport-energie-leman.fr/,Traité
https://www.splendidbandol.com/,Traité
http://www.splash-game.fr/,Traité
https://www.spinaker.com/,Traité
https://www.speleteaux.fr/,Traité
https://www.speleo-canyon-ariege.com/,Traité
http://speed-luge-vercors.fr/,Traité
https://spcaussepiscines.fr/,Traité
http://spawellnessconcept.fr/,Traité
http://www.spa-ventoux-provence.com/,Traité
https://spavanadis.com/,Traité
https://www.spattitude.fr/,Traité
https://spa-solina-beziers.com/,Traité
http://www.spasixiemesens.fr/,Traité
https://spasensorials.com/,Traité
http://spasandco.fr/,Traité
https://spas-acd.fr/,Traité
https://spa-repos-bien-etre.com/,Traité
http://www.spareims.fr/,Traité
https://www.spa-privatif.fr/les-appartements/appartement-spa-signature/,Traité
http://www.spa-osmose.com/,Traité
http://www.spa-one.fr/,Traité
http://spaona.fr/,Traité
https://spaoasisnatura.fr/,Traité
http://www.spa-noirmoutier.com/,Traité
http://www.spa-mulhouse.fr/,Traité
http://www.spa-marie-laure.com/,Traité
http://www.spa-luvencia.com/,Traité
https://www.spalesbains.fr/,Traité
http://www.spale34.fr/,Traité
https://www.spa-lavieestbelle.com/,Traité
http://www.spalatour.com/,Traité
http://www.spa-laparenthese.fr/,Traité
https://www.spa-karin.com/,Traité
https://www.spainfiniedouceurdavezieux.fr/,Traité
http://www.spa-hautplateau.com/,Traité
https://www.spahairetsens.fr/,Traité
https://www.spa-elixir-vitae.fr/,Traité
https://www.spaduvieuxchaillol.com/,Traité
https://www.spadumoulin.com/,Traité
http://www.spaduboutdumonde.com/,Traité
http://www.spadomicilefrance.fr/,Traité
http://www.spadetente.fr/,Traité
https://www.spadessables.com/,Traité
https://www.spa-des-lys.fr/,Traité
https://www.spa-des-delices.com/,Traité
https://www.spadesclos.fr/le-spa,Traité
http://www.spadescapucins.fr/,Traité
http://spadescanuts.fr/,Traité
http://www.spadehauteprovence.com/,Traité
http://www.spacocooning-marck.fr/,Traité
https://spaclemens.com/,Traité
http://www.spa-city.fr/,Traité
http://www.spacekid.fr/,Traité
https://spa-castellane.fr/,Traité
http://www.spacampagnedesign.com/,Traité
https://www.spabyemma.com/,Traité
http://www.spa-boucledor.fr/,Traité
http://www.spa4as.fr/,Traité
https://sowai-aquasports.fr/englos/,Traité
http://sourcesdubienetre-vesoul.com/,Traité
https://sora-spa.fr/,Traité
http://sonia-institut.fr/,Traité
http://www.sommumwellness.com/,Traité
https://www.solr-renov-solaire.fr/,Traité
https://www.soleumassage.fr/,Traité
https://soleaedition.com/,Traité
http://www.soinstantbienetre.com/,Traité
http://www.soglad.fr/,Traité
https://www.softdetente.com/,Traité
https://www.sofhotel.com/,Traité
https://www.soelo.fr/,Traité
http://www.sobienetre-institut.fr/,Traité
https://sobeautyheadspa.fr/,Traité
http://sittellia.fr/,Traité
https://sitedevesvre.fr/,Traité
http://www.sirilannathaispa.com/,Traité
https://sirena.fr/,Traité
https://sip-piscines-spa.fr/,Traité
http://silhouetteetbienetre.fr/,Traité
https://www.showroomduspa.fr/,Traité
http://www.shiatsu-institut-albi.com/,Traité
https://shaktima-ayurveda.com/,Traité
https://sfpiscines.fr/?bypass_code=ZhOXZaTXwkdapafO,Traité
https://sevenhotelparis.com/home.html?utm_source=gmb&utm_medium=organic&utm_campaign=fiche_gmb,Traité
https://sevanparchotel.com/fr/accueil/,Traité
https://serviceplus38.com/,Traité
http://servicepiscine.fr/,Traité
https://serenity-spa-ajaccio.com/,Traité
https://serenity-massage.fr/,Traité
https://www.serenity-infinite.fr/,Traité
https://www.serenite-vitalite.fr/,Traité
http://serenitebebe.fr/?utm_source=gmb,Traité
https://sequoia-aventure.fr/,Traité
http://sep26.fr/?utm_medium=referral&utm_source=gmb&utm_campaign=lnk-gmb,Traité
https://sento-bento.fr/,Traité
https://www.sensoa-massage.fr/,Traité
http://www.sensnaturelles.com/,Traité
https://sensation-jura-canyon.fr/,Traité
http://www.sellettes.fr/,Traité
http://www.sejour-uriage-location.com/,Traité
https://www.sejoursorigines.com/,Traité
https://secur-e-o.com/,Traité
http://www.secrets-sables.com/,Traité
http://www.secret-spa.fr/,Traité
https://www.secretduzes.com/?utm_source=google&utm_medium=organic&utm_campaign=fiche,
http://www.sea-side-spa.com/,
http://sea-air.fr/,
http://sc-therme.fr/,
http://www.sav-plus.com/,
https://saveursdeaux.fr/,
https://savana-parc.com/,
https://www.savagewakepark.com/,
https://www.sauna-lotus.fr/,
https://www.sauna-club-abysse.fr/,
http://sas-scibetta.com/,
https://sa-piscine.com/,
https://www.saphirthaispa.com/,
https://www.saozen-saintcloud.com/,
https://www.saonedoubsbressetourisme.fr/,
https://www.sandrine-massage.fr/,
http://www.sancyaventure.com/,
https://samparc.fr/,
https://www.samcha.fr/,
https://www.salveo-forme-detente.fr/,
http://www.salinasel.fr/,
https://www.saint-remy-de-provence.com/lac-de-peiroou/,
https://www.saint-martin-lars.fr/sport-rando/,
https://www.sainthubert-resort.eu/,
http://www.saint-gal-parc.fr/,
https://www.sainte-maxime.com/fr/hebergement/camping/sainte-maxime/camping-la-beaumette-6105400/,
https://www.saintcerice.com/,
http://www.saintalbandhurtieres.fr/tourisme_lac.php,
http://www.sablotins.com/,
https://sabaisabai-paris.com/,
https://www.rspiscines.com/,
http://www.royal-piscines.com/,
https://royalpicardie.com/,
http://www.royal-oats.com/,
https://royalhainaut.com/fr/,
https://www.royalbeerspa.fr/,
https://www.roubaixtourisme.com/avoir/leparcbarbieux/,
http://www.roque-st-christophe.com/,
http://www.roquefort-tourisme.fr/,
https://www.roomanticspa.com/,
http://www.ronchamptourisme.com/,
http://rodonmassages.fr/,
https://www.rocknoir.fr/,
https://www.roc-hotel.com/,
http://www.rocaspa.fr/,
http://www.rocamadour-aventure.com/,
http://rl-beautyspa.com/,
https://riviera-spa.fr/,
http://www.rivieranature.fr/,
https://ritualspa.fr/,
https://www.rienquenous.fr/,
http://www.riber-aqua.fr/,
https://rhinsudnatation.fr/,
https://www.revhotel-lamalou.fr/,
http://www.rev-hotel.fr/,
https://revesdecimes.fr/accrobranche-de-vero/,
https://reveildessens.com/,
https://revailestessens.fr/,
https://www.rev79.fr/,
https://restaurant-origines.fr/fr/,
https://www.locxalis.com/,
http://www.restaurantlapommedor.com/,
http://restaurantlamorliere.com/,
https://www.respyre-loudenvielle.com/,
http://respiremassage-melia.com/,
http://www.residspa.com/,
http://www.residence-thermes.fr/,
https://www.residence-rhea.fr/,
https://residencelemoulinavent.fr/,
http://residencegaia.fr/,
http://www.residence-amarena.fr/,
http://resalib.fr/p/103269,
https://www.reparetapiscine.fr/,
https://rentonic.bzh/,
https://www.rendezvousbelle.com/,
https://www.renaissance.alsace/,
http://www.relaxssance.fr/,
https://relaxhotel-beuzeville-honfleur.com/fr/,
https://www.relaxetvous86.fr/,
http://www.relaxence.com/,
http://relax-eau.com/,
http://www.relaxation-reiki37.fr/,
https://relax0zen.com/,
http://www.relaisnotredame.com/,
http://www.relais-laguiole.com/?utm_source=gmb,
http://www.relaisduvaldorbieu.com/,
https://www.relaisdefarrou.com/fr,
https://www.relais375.fr/,
https://regardexterbisca.fr/,
https://reflexokarinecorbeau.com/,
https://www.reflexnaturo.fr/,
https://www.redon-agglomeration.bzh/piscine-redon,
http://www.recuppcenter.com/,
http://recto-verso-massage.fr/,
http://www.recre-activ.com/,
https://www.rcpiscinesetspas.fr/,
http://www.randeauevasion.com/,
http://www.rachel-eau-ptits-soins.com/,
https://www.qualityspa.fr/,
https://qrcode-go.com/bzeuuw,
http://www.pyrene-sports.com/,
https://www.puymarteau.com/,
https://www.puy-guillaume.fr/tourisme/,
https://www.purethermalresort.fr/,
https://www.purenspa.com/,
https://www.puremontagneresort.fr/,
http://pure-experience.com/,
https://pureetnature.fr/,
http://www.purecocoon.fr/,
https://www.pureaventure.com/,
https://puchaud-paysage.fr/,
https://www.proxifit.fr/,
https://www.provence-spas.com/,
https://propulsepark.fr/,
https://propiscineservice.fr/,
http://www.promothalasso.com/,
http://www.prolynx-sports.com/,
http://www.privatespa60.com/,
http://private-hotel-corsica.com/,
https://www.priva-spa.com/,
https://princesse-flore-hotel.com/fr/?utm_source=google&utm_medium=cpc&utm_id=googlecpc,
https://www.primocreno.com/osteopathe/saint-sulpice-lauriere-87370/gaelle-samit,
https://www.presthotel.fr/,
https://www.prelombard.com/,
https://www.pranarituel.com/,
https://www.pranacentrebienetre.com/,
https://p-piex.com/,
http://www.power-ful.fr/,
http://www.potingourmand.com/,
http://porte17.fr/,
http://www.porsarvag.com/,
https://popaian.fr/,
https://pooloccitanie.fr/,
https://poolinov.fr/,
https://www.pool-garden-concept.fr/contact/,
http://poolcop.com/,
https://pont-roche.com/,
http://www.pont-mahe.com/,
https://pont-audemer.com/agenda/parc-naturel-des-etangs/,
https://www.pommeraye.fr/,
https://www.pommenature.fr/,
https://www.pollenparapente.com/,
https://polenautiquehague.com/,
http://www.plus-zen.com/,
https://www.plumedoree.fr/,
http://www.plouay.fr/domaine-de-manehouarn-l147.html,
https://www.pleinventbienetre.com/,
http://pleinair77.fr/,
https://www.planeteparcs.fr/,
https://planete-paramoteur.com/,
https://www.planb-chamonix.com/,
https://www.plaines-provence.fr/,
http://www.plainaction.fr/,
https://plagepalace.com/?utm_source=google&utm_medium=organic&utm_campaign=mybusiness,
https://www.plagemag.fr/,
http://www.pjpdumont.com/,
http://www.pitchounparc.fr/,
https://piscinity.fr/,
https://pisciniste-sudgironde.fr/,
https://www.pisciniste-des-hauts-de-france.fr/,
https://piscines-vauban.fr/,
https://piscines-trevi-france.com/,
http://www.piscines-sud-est.com/,
https://www.piscine-spa-shop.com/,
http://www.piscines-ibiza.com/,
https://piscinesdugain.com/,
https://piscinesdeslutins.com/saint-aubin/,
https://www.piscinesaubagneservices.fr/,
https://www.piscines-aquinox-aquitaine.fr/,
https://piscinesaintjeandeluz.fr/,
http://www.piscine-ocelia.com/,
https://piscineoberkampf.com/,
http://www.piscine-lesbainsdoree.com/,
https://piscineguybey.fr/,
http://www.piscine-godard.fr/,
https://piscine-georgeshermant.fr/,
https://www.piscinefrancepolyester.com/,
https://www.piscineetbien-etre.com/?utm_source=gmb,
http://www.piscine-estrees.fr/,
http://www.piscine-du-layon.com/,
https://www.piscine-dolibulle.com/,
https://piscinedivonne.fr/,
https://www.piscine-discount.info/,
https://piscinedessenarts.fr/,
https://piscinedelacerisaie.fr/,
https://www.piscine-de-arrieta.com/,
http://www.piscinecourville.fr/,
http://www.conterie.fr/,
https://piscine-confluo.fr/,
https://www.piscine-calypso-corbie.fr/,
https://piscine-by-nuno.fr/,
https://piscineboulognebillancourt.com/?utm_campaign=GMB&utm_medium=SEO&utm_source=Google,
https://www.piscine-berlioux.fr/,
http://www.piscinebalard.fr/,
http://www.piscine-baker.fr/,
https://www.piscine-aquasport.fr/,
https://www.piscine-aqualude.fr/,
https://piscine-aqualud.fr/,
https://piscineaqualis.fr/,
https://piscine-aquabella.fr/,
https://piscinaturelle.fr/,
http://www.pirates-canoe.com/,
http://www.pirateland.fr/,
http://www.pin-sec.com/,
https://pierre-brune.com/fr/la-restauration.html,
http://www.pichon-technologie.fr/,
https://www.piapiahotel.com/?utm_source=gmb&utm_medium=organic&utm_campaign=fiche_gmb,
http://www.pianottoli-diving.com/,
https://pharmacie-andelot.fr/,
https://phareobeaufortenanjou.fr/,
https://www.petithotelconfidentiel.com/?utm_source=My%20Business,
https://petitbourgeondamour.simplybook.it/,
https://perigord-dronne-belle.fr/fr/chateau-de-richemont-PCUAQU024FS00014/,
https://www.perfect-body-massages.fr/,
https://pepites-lodges.com/,
https://www.pepinieres-saint-cyprien.com/,
http://www.pella-roca.com/,
https://www.peiracava-aventures.fr/,
http://www.peintea.fr/,
https://www.peacock34.fr/,
https://www.ca-olivier-pleindoux.fr/,
https://www.paysdemortagne.fr/tourisme-loisirs-culture/espace-aqualudique/presentation/,
https://www.pavillon-rotonde.com/fr,
http://www.pavillonm.com/,
https://www.pause-essentielle14.fr/,
https://www.paulinenaturoreflexo.fr/,
http://www.passionminceur.com/,
https://www.passiondaventure.com/,
https://www.passedat.fr/fr/hotel-5-etoiles-restaurant-etoile-marseille,
https://www.park-ninja.fr/,
https://parkest-hotelspa.com/fr/,
https://parissud.hoteljournel.com/,
https://parenthese-urbaine.com/,
https://parentheses-imaginaires.com/,
https://www.parenthese-concept-room.com/,
https://www.parczooreynou.com/,
http://www.parcsetjardinspaca.com/,
https://www.parcoasisaventura.fr/,
http://parc-natureo.fr/?utm_source=gmb,
http://www.parcminiatures.com/,
http://www.parc-lannemezan.com/,
http://www.parc-fontaine.fr/,
https://www.parcfenestre.com/les-attractions,
http://www.parc-etang.com/,
https://parc-eol.fr/,
http://www.parcdupetitprince.com/,
http://www.parcdufaillal.com/,
https://www.parcdubocasse.fr/,
http://www.parcdolhain.fr/,
http://www.parcdevaux.com/,
https://www.parc-des-libertes.fr/,
http://www.parc-des-grands-chenes.fr/,
http://www.parcdemerlet.com/,
http://www.parcdeladranse.com/,
http://www.parcdehaye.fr/,
http://parcbagatelle.com/,
http://www.parcarbreaventure.com/,
http://www.parc-animalier-verdon.com/,
http://www.parcanimalierdeserreponcon.com/,
http://www.parcanimalier07.com/?utm_source=google&utm_medium=wix_google_business_profile&utm_campaign=14624541919592920519,
http://palmaurea.fr/,
http://www.palazzu.com/,
http://paintandplay.fr/,
http://paineau-tortevoie.com/,
http://www.padolo.com/,
https://www.padelbro70.fr/,
https://www.o-zone.fr/,
https://www.ozlovesuite.fr/,
http://oz-inn-hotel.com/,
http://www.ozen-spa-versailles.com/,
http://www.ozenspa-andernos.fr/,
https://www.oxyzen-metz.com/,
https://ovalesens.fr/?utm_source=gmb,
https://www.oumcitygames.fr/,
http://www.ot-villersexel.fr/,
https://www.otersauna.com/,
http://osunset-vichy.fr/,
http://www.ossau-camping-valentin.com/,
http://www.o-spart.com/,
https://osparoom.fr/,
http://www.ospare.fr/,
http://www.ospadetente.fr/,
https://www.ospa25.fr/,
https://www.osmosya.com/?utm_source=google&utm_medium=GMB,
http://www.osmose-bien-etre.fr/,
http://www.oslc-lespieux.fr/,
https://www.orsohotels.com/hotel-folie,
https://originemassage.fr/,
http://www.origin-center.com/,
https://www.originbio.fr/,
https://www.oree-foret.fr/,
http://www.oreade-balneo-restaurant.fr/,
http://opetitspa.fr/,
https://www.onolulu.fr/,
https://omyl-massage.fr/,
http://www.omignoncocon.com/,
https://omegagif.fr/,
https://www.olymfea.com/,
http://www.olydea.com/,
https://www.oloisirs.fr/,
https://www.oligobio-growshop.com/,
https://oleaspariviera.com/,
http://www.o-kari.com/,
https://www.ojardinsdeladouceheure.com/,
http://ojardinpaisible.fr/,
https://www.ohana-spa.fr/,
https://ohana-spa.com/,
https://ogrilldeols.fr/,
https://ogravity.fr/,
https://ofunpark.fr/parc-et-attractions/aquapark/,
https://www.ofinebulle.fr/,
https://www.o-feeling.fr/,
https://o-family.fr/,
http://www.odyssee-inattendue.fr/,
https://www.odyssea-spa.fr/,
https://www.odycea-devoluy.com/,
http://www.ods-spa.fr/,
http://odreyspa.com/,
http://www.odeshiva.fr/,
https://www.odelia-nature.fr/,
http://odeladelo38.com/,
https://octoplus-coaching.com/le-mazot,
https://www.octao.fr/,
https://www.oconcept-piscines.fr/,
https://www.ococoon.fr/,
https://ococonspa.com/,
https://www.ocezen.fr/,
https://www.oceanvacances.com/,
https://www.oceaniahotels.com/oceania-brest-centre,
https://www.o-cape.fr/,
http://www.obullesdelartois.fr/,
https://www.obonheurdesbulles.com/,
http://www.obienetremassage.fr/,
http://www.obele.fr/,
http://www.oasis-des-sens.fr/?utm_source=gmb,
http://www.oasis-ayurvedique.fr/,
https://nymphaea.fr/,
https://www.nurskin-care.fr/,
https://nuancepoudree.fr/,
http://www.nsens-spa.fr/,
http://www.noves.fr/,
http://www.novalaise-plage.com/,
http://www.nouvelhotel.fr/,
https://www.notredamedevaulx.fr/,
https://www.notededouceur.com/,
http://www.nora-methoderenata.fr/,
http://www.nomade-spa.fr/,
http://noliparc.fr/,
https://njfit.fr/,
https://niramaya.fr/,
http://www.nimes-aquatropic.com/,
https://nideno46.com/,
http://www.nicolasgiron.fr/,
https://nestorlecastor.com/,
http://www.nereides-piscines.fr/,
https://neptune-piscines-gard.com/,
https://www.neptunepiscines31.fr/,
http://www.neovent.org/,
https://www.neoskin-institut.fr/,
https://www.neigeetsoleil.org/,
https://www.nectardevie-mieuxetre.com/,
https://www.neaunature.com/,
https://nautipolis.fr/,
http://www.nausicaa-plongee.com/,
https://www.natursante66.fr/,
https://www.naturorel.fr/,
https://www.naturo-claire.fr/?utm_source=gmb,
http://www.natureva-spa.com/,
https://naturehammampoissy.fr/,
https://www.natureetsourcechaude.com/blog/sources-deau-chaude-fontaines-rennes-les-bains/,
https://natureetmoi.fr/,
https://naturedeaux.com/spa-montelier,
https://www.naturecathare.fr/,
https://natureauamandine.fr/,
http://www.naturea-beaute.fr/,
http://www.natura-massage.fr/?utm_source=google&utm_medium=wix_google_business_profile&utm_campaign=15472626437861249942,
https://naturaliaspa.fr/,
https://natationchatillonsurindre.fr/,
https://www.napheo.com/,
https://www.nantaveyron.fr/randonnees-aveyron.html,
https://namasprings.com/experience/,
https://naiaspa.fr/,
https://www.naia-bien-etre.fr/,
https://naginox.com/,
http://www.mysterland.fr/,
https://myspa-nancy.fr/,
https://myriam-naturopathe-67.fr/,
http://www.myprivatepool.com/,
https://mycplage.fr/,
http://www.musee-memorial-omaha.com/,
https://www.musee-eia.com/,
http://www.museedelamiral.com/,
https://musee-colette.com/,
https://www.murielt.com/,
https://www.multiplexe-nova.fr/,
http://www.mulacspa.com/,
https://www.mpbspiscines.com/,
https://www.movinpark.fr/,
https://mouvaquatic.fr/,
https://moulins-banaux.fr/,
https://www.moulindesainteanne.com/,
https://www.moulindelere.com/,
https://www.moulindefourges.com/,
http://www.moulindedannemois.com/,
http://www.mothaim.fr/,
http://www.motel-les-bleuets.com/,
http://mooreana.fr/,
http://www.moontain-bubble.com/,
https://www.moodz-hotel.com/,
https://www.montpellier.fr/territoire/lieux-equipements/centre-aquatique-neptune,
http://montkailash-bien-etre.fr/,
http://www.montjolygite.com/,
https://montespan-hotel.com/,
http://www.montana-chalet.com/,
https://www.montagne-noire.info/piscine-de-cuxac-cabardes-dans-la-montagne-noire/,
http://www.montagnac.eu/,
https://montacabana.com/,
http://www.monpremiersouffle.com/,
http://monespacepiscine.fr/,
https://moe-naturel.fr/,
https://mnatureetsoins.com/,
https://www.mlharmonie.fr/,
http://www.mlesens.com/,
https://www.mistralheadspa.fr/,
https://www.minipiscine.fr/,
http://www.midi-gascogne.com/,
https://www.mfcocoon.com/?utm_source=gmb,
https://www.mexicaparc.fr/,
https://www.metabiefaventures.fr/,
https://www.mespremiersinstants.fr/,
http://www.mesnil-sports-club.fr/,
https://www.merkolacarra.com/,
https://www.merdesable.fr/,
https://www.mercier-paysage.com/,
https://meloviaspa.fr/,
https://www.medrosecampingardeche.fr/#1,
https://meditation-pleine-nature.com/,
http://www.mecaspa.fr/,
http://www.mdpiscines.fr/,
https://mc-sas.com/,
http://mauguiocenter.fr/,
http://www.mass-sarah.fr/,
http://www.massodeep.fr/,
https://massnbe.com/,
https://massmonde.fr/,
https://massanas-studio.com/,
https://massageverifie.fr/massage-ajaccio/naturamma-massages-drainages-by-victoria-porticcio-ajaccio-ajaccio,
https://massagetime.fr/,
https://massagesevasion.fr/,
https://www.massage-sensitive.fr/,
https://massagesdicy.fr/,
https://massagescaraibes.fr/,
http://www.massagesbylydie.fr/,
https://massage-poitiers.fr/,
https://massagedupastel.fr/,
https://massagebienetrevosges.fr/,
http://www.massagebienetre-soissons.fr/,
https://www.massage-aromdee.fr/,
http://www.massage-agen.fr/,
https://www.mas-olivier.com/,
https://maslesheuresbleues.fr/,
https://www.masheritage.com/,
https://www.mas-escala.fr/,
https://www.masdesarts.com/,
https://www.masdelangelus.com/?utm_source=google&utm_medium=wix_google_business_profile&utm_campaign=16431569310983616195,
https://mas-de-la-combe-cachee.com/la-combe-aux-oiseaux,
https://www.marinaozone.com/,
https://www.marina-erbarossa.com/?utm_campaign=gmb_search&utm_medium=organic&utm_source=google,
http://www.marebaudiere.com/,
https://ma-praticiennebienetre.fr/,
https://mapiscineprivee.com/,
https://mapico.fr/,
https://mapetiterando.fr/tourisme/3-km-3-cascades-un-couvent-troglodyte-la-randonnee-la-plus-magique-du-var/,
http://www.manuteaspa.fr/,
http://www.manu-piscines.fr/,
http://www.manoirdesurville.com/,
https://www.manoirdelillusion.fr/,
https://www.manoiraulac.com/,
https://manoir.net/,
https://www.manasa.fr/,
https://manaheadspa.fr/,
https://m-alfred.com/,
http://maitalea.com/,
https://www.maison-zugno.com/,
https://www.maisonvernet.com/,
http://www.maisonsouquet.com/?utm_source=google&utm_medium=organic&utm_campaign=my_business,
http://www.maison-proust.com/,
https://www.maisonprana.fr/,
https://www.maisonpeauetsie.fr/,
https://maisonoppoca.com/spa-pays-basque/,
https://www.maison-obono.com/spa/,
http://www.maisonmalya.fr/,
http://www.maisonlumalys.fr/,
http://www.maisonledetour.fr/,
https://maisonlamothe.com/,
https://www.maisonflorenceivakno.com/,
https://maisonencorps.fr/,
https://www.maison-du-soin.com/,
http://www.maisondumieuxetre.fr/,
https://maisondulotus.fr/,
http://www.maisondix.fr/,
http://www.maisondesloups.com/,
http://www.maisondelameunerie-vendee.fr/,
https://www.maison-de-fleurat.com/,
https://www.maisondebeautecorcoue.fr/c-25.html,
http://www.maisoncolettespa.com/,
https://www.maisonclaudel.fr/,
http://maisoncirrus.fr/,
https://maisonblin.fr/,
https://maisonblancheilerousse.fr/,
https://www.maison-baie.com/,
https://www.alaena.com/pages/spa-alaena-paris,
https://www.mairie-saintdoulchard.fr/vivre-a-saint-doulchard/equipements-sportifs/,
https://www.mairie-rumilly74.fr/vos-services-publics/sports-et-loisirs/piscine-municipale-2-2/,
http://www.roquefixade.fr/chateau-roquefixade.htm,
http://www.mairie-regusse83.fr/equipements_sportifs.aspx,
https://www.mairie-ozoir-la-ferriere.fr/lieux_incontournables/piscine-municipale-catherine-plewinski/,
http://www.oraison.fr/,
https://www.mairie-morlaas.fr/vivre-a-morlaas/culture-loisirs/piscine-municipale/,
https://www.mairie-montoire.fr/la-ville/la-piscine-communautaire/,
http://www.mairie-mericourt.fr/,
https://www.lisleendodon.com/la-piscine/,
https://mairie-lavau.fr/,
http://www.mairie-la-talaudiere.fr/,
https://www.halluin.fr/piscine-philippe-croizon/,
https://www.mairie-ascain.fr/sports,
http://www.maikai-bymilane.fr/,
https://magitech-piscine.com/,
https://www.magistralbienetre.com/,
https://magieenbulles.com/,
https://www.magic-park-land.com/,
https://www.magalievanende.fr/,
https://madamereve.com/?utm_source=google&utm_medium=organic&utm_campaign=gbp,
https://www.mabeautedusud.fr/,
https://www.m-1712.fr/,
https://lvpdirect.fr/annonce/le-titibu-gite-et-spa-5/,
https://luxury-spa59.fr/,
https://www.lutetia-labaule.com/,
https://luniversdelaforme.com/,
http://www.lunapark-lapalmyre.fr/,
https://www.lumberjack-metz.fr/,
https://www.luluparc.com/,
https://luge-en-normandie.fr/,
http://www.ludoparc.eu/,
https://ludiqland.com/,
https://ludibulle.fr/,
https://www.lucendiois.fr/Loisirs.SB.htm#Piscine,
https://www.lucbarthel.fr/?utm_source=google&utm_medium=wix_google_business_profile&utm_campaign=5850837417268076758,
http://www.luberon-spa.fr/,
https://www.lrs-formula.com/,
https://www.lovexperience.fr/annonce/centre-val-de-loire/love-room-suite-romantique-cinta-bali/,
https://loveroom-valence.com/,
https://www.loveandspa.fr/,
https://www.loupcastel.com/,
http://loungeandspa.fr/,
https://www.louisy.net/?utm_source=google&utm_medium=wix_google_business_profile&utm_campaign=10568000775666596853,
http://loucastelet.com/,
http://www.louarnigpark.bzh/,
http://lotus-vedhyana.com/,
https://lorientespace.fr/,
http://www.loree-du-spa.com/,
https://www.loreedubois.spa/?utm_source=google&utm_medium=wix_google_business_profile&utm_campaign=15704625274074062045,
https://www.loreedeslys.fr/,
https://www.loos.fr/fr/cadre-de-vie-et-urbanisme/parcs-et-jardins,
http://www.lo-obernai.fr/,
http://l-onirique.fr/,
https://lolympide.com/,
https://www.loisirsloirevalley.fr/?utm_source=gmb,
https://www.loiseliere.com/,
https://www.logissaponine.fr/,
http://www.logempre.fr/,
https://loft-sensation.fr/,
http://www.loftpanorama.fr/,
https://loeilduciel.fr/,
https://www.lodges-auvergne.com/,
http://www.lodgepark.com/,
http://lodechris.com/,
https://l-ocelian.com/,
https://locationsdes3sommets.fr/hebergements/le-chalet-du-tanet-a-soultzeren/,
https://lo-bienetre.fr/,
https://lm-piscines.com/,
http://www.lmassage.fr/,
https://www.littlecarpediem.com/,
https://www.liseledroit-sofree.com/,
https://www.lionsparc.com/?utm_medium=referral&utm_source=gmb&utm_campaign=lnk-gmb,
http://www.liondor-rocamadour.com/,
https://www.linstitut-entoutesimplicite.fr/,
http://linstantverdon.com/,
http://linstantpresent-amelie.fr/,
https://www.linstant-present44.fr/,
http://www.linstantdunvoyage.fr/,
https://linstant-bienetre.fr/linstant-vienne/,
http://www.lineya.fr/,
https://lileverte.fr/,
https://lifespa.fr/,
http://www.liberty-spa.fr/,
https://liberlo.com/profil/sylvie-gidel/,
http://www.lhotel-particulier-lemans.fr/,
https://lhirondelle-bleue.fr/,
http://www.lhippocampe-gtm.fr/,
http://www.leychoisier.com/,
http://www.l-extase.com/,
https://lexclusif25.fr/,
https://lewelcome.com/,
https://www.levillageinsolite.com/,
https://levieuxchalet.fr/,
http://www.levieuxchaillol.com/,
http://www.levidence-institut.fr/,
https://levictoriaboutiquehotel.com/,
http://www.levery.net/,
https://levasion-portets.com/,
http://www.levasion-du-ventoux.fr/,
https://levasion59-spa.com/,
http://levallondescigales.fr/,
https://levallondelehon.com/,
https://www.levallaya.com/,
http://www.leturenne.com/,
https://www.le-tropicana.com/,
http://www.letoutvabien.fr/,
https://letouring.fr/,
http://www.letempspoursoi.net/,
https://www.letearoom.com/,
https://letangdevie.fr/,
https://www.lesyourtesdelarssialas.fr/,
https://www.lesvoilesdugrandlarge.fr/lodge-hotel-w1.html,
http://www.lesvoilesdes2caps.fr/,
http://www.lesvillasdarromanches.com/,
http://www.lesvignesblanches.com/,
https://www.lesvertesfeuilles.com/,
http://www.lesvergersdesquividan.fr/,
http://www.lesturgeon.com/,
https://lesthermesjonzac.com/,
http://www.lesthermesdeluynes.fr/,
http://www.lesthermesdax.fr/,
https://lesterrassesdantonin.com/,
https://lestermais.fr/lebus.php,
http://lessoinsdumonde.fr/?utm_source=gmb,
http://lessoinsdhelene.fr/,
http://lessentiel-institut.fr/,
http://www.lessensduhammam.fr/,
http://www.les-sens-des-cimes.com/,
http://www.lessensdesbois.fr/,
http://les-secrets-de-celine.com/?utm_source=gmb,
http://www.les-sansonnets.fr/,
https://lesrosesdantan.fr/,
https://www.lesroches1500.com/,
http://les-rives-sauvages.fr/,
http://lesrivesdulac-cazals.com/,
http://www.lesrivesdulac.com/,
http://www.lesrivesdelaygues.com/,
https://www.lesrituelsdo.fr/,
http://www.lesremparts-montreuil.fr/,
https://www.lespiscinesdugarlaban.fr/,
http://www.lespinsgalants.fr/,
https://lespinsdecesar.com/,
https://www.lespierresdorees.com/,
http://www.lespierresdeau.fr/,
http://www.lespetitsfermiers.fr/,
https://www.les-petits-canards.com/,
https://www.lespetitsbaigneurs.com/nos-piscines/chanteloup-en-brie,
https://www.lespaszenspa.fr/,
http://www.le-spa-nevers.com/,
https://www.le-spa-dunkerque.com/,
https://www.lespadesindes.fr/,
https://www.lespadesaromes.fr/,
https://le-spa-de-fabregues.fr/,
https://lespaced1instant.com/,
http://www.lespa-baiedesomme.com/,
https://lesoufflesacre.fr/,
https://le-souffle-du-saule.fr/,
https://www.lesouffleducorps.fr/,
https://www.lesoleilfruite.com/?utm_source=gmb&utm_medium=organic,
https://www.lesokiri.com/,
http://lesnympheas-noisylegrand.fr/,
https://lesnuitspetillantes.fr/,
https://www.lesnaudieres.com/?utm_source=google&utm_medium=my-business&utm_campaign=google-my-business,
http://www.lesmondesflottants.com/,
https://www.lesmatinsdeparis.com/?utm_source=gmb&utm_medium=organic&utm_campaign=gmb_matins,
https://www.lesmateriaux.fr/magasins/bloc-et-job-ville-en-vermois.html?utm_source=google&utm_medium=Google%20My%20Business&utm_campaign=Ville-en-Vermois,
https://www.lesmaritonnes.com/fr/?utm_source=google&utm_medium=my_business,
https://www.lesmancellieres.com/,
http://www.lesmaisonsmarcon.fr/,
http://lesmainsdadrien.com/,
http://www.les-loupiots.com/,
https://leslogiscathares.com/,
https://leslodgesdulac.com/,
http://www.leslodgesdelavigne.fr/,
https://www.lesjolischalets.fr/,
http://www.lesjardinsdelamer.com/,
https://www.lesjardinsdelaglaciere.com/,
https://www.les-jardins-de-bormes.com/fr,
https://les-iles-vagabondes.fr/,
https://lesileades.com/,
http://www.le-siecle.com/,
http://leshameauxdelozere.fr/,
https://www.lesgravets.com/,
https://www.lesgrangesdeleo.fr/,
https://www.lesgitesdumoulin-liettres.fr/,
http://lesgitesdes2c.com/,
https://www.lesgemmesprecieuses42.com/,
https://lesgeckos.fr/,
https://lesflaviottes.fr/,
https://www.lesflamantsroses.com/,
http://www.les-fees-spa.fr/,
https://www.lesesseroliettes.com/,
https://www.leseclatsdamour.com/,
https://www.les-domes.com/,
https://www.lesdeuxvallees.com/,
http://www.lesdeuxtourssiorac.fr/,
http://www.lesdessousdecorinthe.com/,
https://www.lescornettes.com/fr/,
https://les-continents-du-bien-etre.com/,
https://lescimesdaurea.com/,
http://www.leschenesverts.info/,
https://www.leschambresdhotesdelamer.fr/,
https://leschaletsduboucillon.fr/,
https://www.lescavesdestanislas.com/,
https://lescapadenatureetgourmande.fr/,
https://lescalesudgironde.com/reservation-gite-couple/,
https://www.lescaleoccitane.com/,
https://lescaledessens.net/,
https://www.lescale.bzh/spa-et-fitness/,
https://les-cahourses.fr/,
https://lescabanesdulac.com/,
http://lescabanesdanslesbois.fr/,
http://www.lesboisverts.fr/,
http://lesboissieres.fr/,
http://www.lesboisnoirsspa.fr/,
https://www.lesbethunoises.com/,
https://www.lesbassinsdorea.fr/,
https://www.lesbainsorientalys.com/?utm_source=gmb,
http://www.lesbainsmaures.fr/,
http://www.lesbainsdujasmin.com/,
https://www.lesbainsdhygie.com/,
http://www.lesbainsdesherazade.fr/,
https://www.les-bains-des-docks.com/,
https://lesbainsdesarenes.com/,
http://www.lesbainsdeprovence.fr/,
https://www.lesbainsdekenza.com/,
http://www.les-bains-de-caldanelle.com/,
https://bainsdalia.fr/,
http://www.les-bains-albi.fr/,
http://www.lesbains76.com/,
http://lesargousiers.com/,
https://www.lesalouettes.com/,
https://www.lesajoncs-dor.com/,
https://www.lesaintlouis.fr/,
http://les3sources.com/,
http://www.les3collines.com/,
https://les3clefsdegaya.com/,
https://www.les2ifs.fr/,
http://www.les13assiettes.com/,
https://www.le-royan.com/,
http://www.le-rochelois.fr/,
https://www.lermitage-hotel.com/,
http://www.leritueldeselements.fr/,
https://www.leritueldeole.com/,
https://leritueldelodie.fr/,
https://www.lereve-hotel.com/,
https://lerelaisdeslacs.com/,
https://lequivoque.fr/,
https://www.lepuy-hotelbristol.com/,
http://www.lepuy-deltourhotel.com/,
https://www.lepuycarmin.com/,
https://www.leprestgilles.fr/,
https://www.lepradey.com/?utm_source=gmb&utm_medium=organic&utm_campaign=gmb_pradey,
http://www.lepontdemazerat.com/,
https://www.leplantevin.com/,
https://www.le-piscinier.com/,
http://www.lepinarello.com/,
https://lepetitspazen.fr/?utm_campaign=gmb&utm_content=site-web&utm_medium=organic&utm_source=google,
https://www.lepetitbois-camping.bzh/,
http://www.lepatiosaumur.fr/,
https://www.leparcdelagreve.com/,
https://www.leparcdejosephinebaker.com/,
https://www.leparcdegeoffroy.fr/,
http://www.le-paradis.fr/,
http://www.lepalaisdelabeaute.fr/,
http://www.lepailler.fr/,
https://leothys.fr/,
http://www.leobeaute.fr/,
https://www.lenviedepartager.com/,
https://www.lenvie-dailleurs.fr/,
https://www.leniddete.com/,
http://www.leniddelabueges.net/,
http://www.leneyrial.com/,
http://www.lenexhotel.com/,
https://www.lenessay.com/,
https://www.leneptune.com/?utm_source=google&utm_medium=organic&utm_campaign=gmb,
https://www.lenelio.com/,
https://www.lenarcisseblanc.com/,
https://lemoulinfort.com/,
http://www.lemoulindetrevelo.fr/,
https://www.lemoulindelafortie.com/,
http://www.lemoulinauxans.com/,
https://lemontdore.fr/mont-dore-aventures,
http://www.le-mimosa.com/,
https://www.lembleme.fr/,
http://www.le-mas-rolland.com/,
https://lemasdelombregot.fr/,
http://www.lemasdelaplage.com/,
http://lemanoirdesparcs.fr/,
http://lemand-hotel.com/,
http://lemalzieu-camping-gevaudan.fr/,
http://le-littoral.fr/,
http://www.lelabyrintheduthimerais.com/,
http://www.lejasdejoucas.com/,
http://www.le-jardin-zen.fr/,
http://www.lejardinspa.fr/,
http://www.lejardindessens.net/liens,
http://www.lejardindesoules.com/,
https://www.lejardindeskangourous.com/,
https://lejardindeseraphine.com/,
https://lejardindesagaves.fr/,
http://www.le-jardin-de-pellinec.fr/,
https://www.lehammambiarritz.fr/,
https://www.lehameaumedical.fr/,
https://le-hameau-des-lacs.fr/,
http://www.le-hameau-des-champs.com/,
http://www.legrecale.com/,
https://www.legrandpuech.fr/,
http://www.legrandlaunay.fr/,
http://www.le-grand-large.fr/,
http://www.legrandjardin.net/,
https://www.le-goyen.fr/,
http://www.legolfebleu.com/,
https://www.leglacierblanc.com/,
https://le-gite-ryokan.fr/,
https://www.le-gite-du-chateau.fr/fr,
https://le-frenchclub.com/,
https://www.leffet-bleu.com/,
https://ledomedevincennes.fr/espace-1320-spa-oceane.html,
http://www.ledomaineduroc.com/,
https://ledomainedebaulieu.com/,
http://www.lediana.com/,
https://lediamantsecret.fr/,
https://www.ledenvik.fr/,
https://www.lecrindupotenciel.fr/,
https://www.lecottageduparc.com/,
http://www.leconquil.fr/,
https://leconquerantrouen.com/espace-bien-etre/,
http://lecolombier-moussie.fr/,
http://lecoconzen.com/,
http://leclosnormand-camping.fr/,
http://www.leclosduval.com/,
https://leclosdufondcailloux.fr/,
http://www.leclosdesvignes.fr/,
https://leclosdesecureuils.fr/,
https://leclosdesecuets.com/,
https://leclosdelamandier.com/,
https://lechateaugonflable.com/parcs-ephemeres/sainte-soulle,
http://www.lechateaudestourellesenvendee.com/?utm_source=gmb,
https://www.lechantdespins.com/,
http://lecesarhotel.com/,
https://www.lecentrecosmos.fr/,
http://le-cardinal.net/,
http://www.lecampingdulac.com/,
https://www.lecampingdelaforet.fr/,
http://www.lecalendal.com/,
http://www.lecab-viroflay.fr/,
http://www.lebuissonnier.fr/,
https://www.le-bourguignon.com/fr/index.html,
https://www.lebourgognecuiseaux.fr/,
https://www.lebouclierdor.com/?utm_source=google&utm_medium=organic&utm_campaign=fiche,
https://www.le-bos.com/,
https://www.leborealeloft.com/,
https://le-bois-des-treans.fr/,
https://www.lebimbillouparc.com/,
https://le-bien-etre-de-charlotte.com/,
https://www.lebarriol.fr/,
https://www.lebalcondelabaie.com/,
https://lebaindecampagne.com/,
http://www.lebailliparis.com/,
https://www.leauthentiquepiscine.fr/,
https://www.le49-chambredhote.fr/,
https://www.le47-upac.fr/,
http://www.ldfe.net/,
http://www.lbienetre.com/,
https://lazarenomade.com/,
https://lavoiedartemis.com/,
http://www.lavillaouest.com/,
https://www.lavilla-lebourget.com/,
http://www.lavillaenlile.com/,
https://lavilladubienetre.com/,
http://www.lavilladesducs.fr/,
https://www.la-vieille-auberge.com/,
http://www.laverna.fr/,
https://lavermeillade.fr/,
http://www.lavayssade.com/,
http://www.lavalleedesrois.com/,
http://www.lavague-plainevallee.fr/,
https://www.lauremauger.fr/,
https://www.latruitedoree.fr/,
https://www.la-truffiere.com/,
http://www.latranchesurmer-tourisme.fr/,
http://latour-marliac.com/fr/,
https://www.latour-desfees.com/,
http://www.latourdesanglais.com/,
https://www.latiserenite.fr/,
https://www.laterreetoilee.com/,
https://latelierpiscine.fr/?utm_source=ig&utm_medium=social&utm_content=link_in_bio&fbclid=PAdGRleASC1xtleHRuA2FlbQIxMQBzcnRjBmFwcF9pZA8xMjQwMjQ1NzQyODc0MTQAAadlhdMYL_j4onU3su5G8plK0zwaDhpPAh1g-5PHIFT0NDLXbS7jXug1Q0NMdA_aem_BofzeIUiT6tUWDi6JeFRlA,
http://latelierdesam.fr/,
https://www.latelierdepicure.com/,
https://latelierdebetsy.com/,
https://www.latelierdally.com/,
https://latailladedemontsegur.sitew.fr/,
http://www.lasuze.fr/activites/la-piscine/,
https://www.la-sphere-fitness.com/,
http://www.lasourcewakepark.fr/,
http://lasourcepure.fr/,
https://lasourcedesthermes.fr/,
https://www.lasourcedessens.com/,
https://laserligne.fr/,
https://www.lasauvagette.com/,
https://www.la-saura.com/,
http://lasaule.fr/,
https://lartisandubassin.fr/,
https://www.laromiguiere.fr/,
https://www.larogerais.fr/,
https://www.larivieredargent.com/massage/,
http://www.la-ribiere-sud.com/,
https://www.laribere.fr/,
https://la-residence.com/,
http://www.larchipelsaintemaxime.fr/,
https://www.laquapolis.fr/,
http://www.lappartdelinaya.com/,
https://www.lapotheose.fr/,
https://www.laportedautan.fr/,
https://www.laplacettealbigeoise.com/,
https://lapiscine-munster.fr/,
https://www.lapetitemaisoncoquette.com/,
https://www.lapetitegrange44.fr/,
https://lapetiteclairiere.com/,
https://laperle-spa.fr/,
https://www.laperlerare-spa.fr/,
http://www.lapauseensoi.fr/,
https://www.lapausebeauthe.fr/,
http://www.lapattedouce85.fr/,
http://www.laparentheze.com/,
http://www.laparentheseromantique.fr/,
http://www.laparenthese25.fr/,
https://laparenthese01340.fr/,
https://www.lapalatriere.com/,
http://www.lanumidie.fr/,
http://www.lanuitdessens.fr/,
http://www.lantidotespa.com/,
https://www.lanticparcaventure.bzh/,
http://www.lanouvellecroze.com/,
https://landsaqua.fr/,
https://www.lanauve.com/,
https://www.la-mottelette.com/,
https://www.lamemoiredeleau.net/,
http://www.lamaltournee.fr/,
https://la-malle-a-bien-etre.com/,
https://www.lamaison-toussaint.fr/spa-en-vendee/institut-bien-etre-st-laurent-sur-sevre.php,
http://www.lamaisonmaya.fr/,
https://lamaisondupasseur.fr/,
http://www.lamaisondujeune.com/,
https://www.la-maisondubienetre.fr/,
http://www.lamaisondubienetre.eu/,
https://lamaisondhygie.com/,
https://lamaisondeshotes.com/,
https://lamaisondesdunes.com/,
http://www.lamaisondeleau.org/,
http://lamaisondelapothicaire-cremieu.com/,
https://www.lamaisondelapose.fr/,
http://www.lamaisondegabinetaugustin.fr/,
http://www.lamaisondebelair.com/,
https://www.lamaisonbleue-gers.com/,
https://lamaisonbeautylaury.fr/,
https://lalumieredemiralyss.fr/,
https://www.la-lenotte.com/,
https://www.lalcoveclisson.com/,
https://www.lalasaul.com/,
http://www.lajahotiere.com/,
http://www.laitsens.fr/,
https://www.laherelle.com/,
https://www.lagrange-dhelene.com/,
http://www.lagrangedemarie.com/,
https://www.la-grange.alsace/,
http://www.lagoona-spa.com/,
http://www.lagarelemesnil.com/,
https://www.lafontdesperes.com/?utm_source=mybusiness&utm_medium=organic&utm_id=mybusinessorganic,
https://lafontainedubienetre.fr/,
https://la-foliere.fr/,
http://www.la-ferme-du-carroir.fr/,
http://www.lafermedevazerat.com/,
https://www.lafermedestelle.com/,
https://www.laetitiabenay.fr/,
http://www.ladouceescapade.fr/,
https://www.la-divine-comedie.com/,
https://www.lademeuredes2tresors.com/le-sequoia-espace-bien-%C3%AAtre/,
http://la-demeure-delodie.com/,
https://www.lacroixvalmer.fr/Plages,
https://www.lacroiseedeschemins.fr/,
https://www.lacreche-43.com/,
http://www.lacourdelise.fr/,
http://lacoronne.fr/,
https://lacoorniche.com/?utm_source=google&utm_medium=organic&utm_campaign=mybusiness,
http://www.la-coccinelle.fr/,
https://lac-nature-ocean.fr/,
https://laclinikbeaute.fr/,
http://www.lachaumierehotel.com/,
https://lachatelleraie.fr/,
https://lachapellesaintsauveur.fr/,
http://www.lachapellesaintclaude.com/,
https://www.lachambreenchantee.fr/,
http://www.lachabotiere.com/,
http://www.lacdeneguenou.fr/,
http://www.lacdelagimone.com/,
http://laccroparc.com/,
https://www.laccord-des-sens.fr/,
https://www.lacaserne-juniville.fr/,
https://www.la-calinesie.fr/,
https://www.lacaborne.fr/fr/,
http://la-cabane-bien-etre.fr/,
https://www.la-cab.fr/laqualud-centre-aquatique-bergeracois/,
http://www.laby-parc.fr/?utm_source=gmb,
https://labullesaintquentin.fr/,
https://www.labulledo2.fr/,
https://www.labulledescoucousvendee.com/,
https://www.labulledanna.fr/,
http://www.labsolu.net/,
https://www.la-brocherie.com/,
https://laboriedhelipse.com/,
https://www.laboiteapiscinesetspas.com/,
https://labohalloire.com/,
http://www.labnaspa.com/,
https://www.lab-et-eau.fr/,
https://labergerieyvesrocher.com/fr/?utm_source=MyBusiness,
https://www.labergerie-massages.fr/,
https://la-belle-nuit.fr/,
http://www.labellehermine.fr/,
https://www.labastidedurocher.fr/,
https://labastidedesrameaux.com/,
http://www.labastidedeboulbon.com/,
https://www.la-base.com/,
http://www.kyo-alpes.fr/,
https://ks-piscines.fr/,
http://www.koshin-le-spa.com/,
http://www.koraly.fr/,
https://kolandiapark.fr/,
https://www.koh-roque.fr/,
https://www.kobawakepark.fr/,
https://www.kioma.fr/questembert/massages/,
https://www.kinedusportosteobalneo.fr/,
http://www.kinaree.fr/,
https://www.kidz-park.fr/,
http://www.kidspark.fr/,
http://www.kidsparadise-blois.fr/,
http://www.kidsmotorpark.fr/,
http://www.kerveda.com/,
http://kersyal.fr/?utm_source=gmb,
http://www.kerlouan.net/,
http://www.kerlaz.com/,
https://www.kerbouzier.fr/,
https://www.kelyss-spa.fr/,
https://kellua.fr/,
http://www.kayalistudios.com/,
https://www.katara-bien-etre.fr/?utm_source=gmb,
https://kastellofildeleau.fr/,
https://karucocoparc.com/,
https://www.kanopee-village.com/,
http://www.kalmia-bienetre.com/,
https://www.kallonea-institut.fr/,
https://kalithea.fr/,
https://www.kalistane.com/,
https://kaline-beleza.fr/,
https://kaimana-spa.com/,
https://www.juravacances.com/campings/camping-les-pecheurs/,
https://www.jura-sejour.com/,
http://www.jura-camping.fr/,
http://www.junglekid.fr/,
https://www.jumping-ml.com/,
https://joyceshomecare.com/,
https://www.jourdespa.fr/,
https://www.jmg-gamma.fr/,
https://jimbaloo.fr/,
https://www.jeudepaumechamonix.com/,
https://jetski-tizzano.com/,
http://jet-evasion.net/,
https://www.jennifhair.fr/,
https://www.jennie-bien-etre-et-beaute.fr/,
https://www.jehandebeauce.fr/,
https://www.jcpvacances.com/,
https://www.jaz-thai-massage.fr/,
http://www.jardinssecrets.net/,
https://jardin-exotique-ponteilla.fr/,
https://www.jardinerie-kallenkoot.fr/,
http://jardindubeaupays.fr/,
http://www.jardin-darcy.com/,
http://www.ivanvautier.com/,
https://itsbe.fr/,
http://www.itsas-mendi.com/,
http://www.is-piscine-elec.fr/,
http://iris-spa-detente.fr/,
https://www.inziair.fr/,
https://intemporelle-bouaye.fr/,
http://institut-zen-esthetic.fr/,
http://institut-pausedetente.fr/,
https://institutornella.fr/,
http://www.institut-obienetre.fr/?utm_source=gmb,
https://www.institutnaturelle.fr/,
https://www.institut-maryssa.fr/,
https://institut-lescale.fr/,
https://www.institutidealine.fr/,
https://www.institut-hygiaform.fr/,
https://institutflo.fr/,
https://www.institutessencielle.fr/,
https://institutducanal.fr/,
https://institutdebeaute-terrabella.fr/,
http://www.institutcotebleue.com/,
http://www.institutcalypso.fr/,
https://www.institut-callune.fr/,
https://institutcachemire.com/,
http://institut-bien-etre-delphine.fr/,
https://institut-beaute-parfumerie-carentan.fr/,
https://www.institut-beaute-melusine.fr/,
http://www.institut-balamata.fr/,
https://www.institut-amande.fr/,
http://institut-althea.fr/,
http://www.instantasoi.com/,
https://www.insolitespa68.com/fr/gites/galaxy-spa,
http://www.insituhotel.com/,
https://ingreo.fr/,
https://www.infinigym.fr/,
https://www.infinibienetre.fr/,
https://www.ines-massage-naturiste.fr/,
http://indiana-river.fr/,
http://www.imperial-spa.fr/,
https://www.immersens.com/,
https://imersionpiscines.fr/,
https://www.illis33.com/,
https://www.ile-massages.fr/,
http://www.iledubienetre44.com/,
http://www.ile-aux-oiseaux.fr/,
https://icisete.fr/lieu/parc-sevigne/,
http://icerockbrasil.com/,
http://www.hyxie.fr/,
https://www.hymeo.com/,
http://hurigny.fr/,
https://www.humantempo.com/,
https://humansens.fr/,
https://hugo-hotel.fr/,
http://www.howardhotelorly.com/,
http://www.hotelwindsornice.com/,
https://www.hotelvilledhiver.com/,
http://www.hotel-villa-louise.fr/,
http://hotel-villagaia-digne.com/,
https://www.hotelvillaborghese.fr/,
https://www.hotel-troubadour.com/,
https://www.hotel-thalassa.com/spa-bien-etre-hotel-le-thalassa-camaret/,
http://www.hotel-terriciae.fr/,
http://www.hotel-terres-blanches.fr/?utm_source=gmb,
http://www.hotel-templiers-reims.com/,
http://hotel-tarbes.com/,
https://hotelsudbretagne.fr/,
http://www.hotel-spa-thermalia.com/,
http://hotelspalevermont.com/,
https://www.hotel-spa-lesalpes.fr/,
https://hotel-spa-collections.com/fr/?utm_source=mybusiness&utm_medium=organic&utm_id=mybusinessorganic,
http://www.hotel-solana.com/?utm_campaign=uberall&utm_source=googlelisting&utm_medium=organic,
https://www.hotelscharmedesign.com/?utm_source=google&utm_medium=organic&utm_campaign=fiche,
https://www.hotel-savoy-meribel.com/,
https://www.hotelsavary.com/,
https://www.hotelsaint-roch.fr/,
http://www.hotel-saint-pol.fr/,
https://www.hotel-saint-paul.net/bien-etre/,
http://www.hotel-saint-jean.fr/,
http://www.hotelsaintetiennecaen.com/,
http://www.hotel-sainte-mere.com/,
http://www.hotel-saint-delis.fr/,
https://www.hotel-rocabella.com/,
http://www.hotel-ricordeau.fr/,
https://hotelrichelieu-lehavre.fr/,
http://www.hotelrestregina.com/,
http://www.hotelrestaurantlespinshaguenau.com/,
http://www.hotelrestaurantjuantorena.fr/,
https://www.hotelrestaurantdumidi.com/,
http://www.hotelrestaurantdulac.com/,
http://www.hotel-restaurant-cleon.com/,
https://www.hotel-restaurant-chateaudelatour.com/fr/?utm_source=googlemybusiness&utm_medium=fichegooglemybusiness&utm_campaign=fichegooglemybusiness,
https://www.hotelrestaurantcharbonnel.com/,
https://www.hotel-restaurant-carrion.fr/,
https://hotel-restaurant-alysa.fr/,
https://hotelrestaurantabbaye-cluny.fr/,
http://www.hotel-residence-furiani.com/,
http://www.hotel-residence-europe.com/,
http://www.hotelresidence-caldane.com/,
https://www.hotel-reserve-brive.com/,
https://www.hotelrelaisduloir.com/,
https://www.hotelrelaisdubellay.com/,
http://www.hotelpuntalara.com/,
https://hotelprivilege.com/,
http://www.hotel-princess.fr/?utm_source=gmb,
http://www.hotel-port-marine.com/,
https://www.hotel-port-haliguen.com/,
https://www.hotel-port-barcares.fr/,
https://www.hotelpontaven.com/,
https://www.hotelpointfrance.com/,
http://www.hotelplombcantal.com/,
http://hotelplagestjean.com/,
http://www.hotelplagecontis.com/,
https://hotelparc-hossegor.com/espace-spa/,
https://www.hotel-parcfetan.com/,
http://www.hotelpaddock.com/,
https://www.hotel-ocean.com/#,
https://www.hotel-nozeroy.com/,
http://www.hotelnorman.com/,
http://www.hotel-neuhauser.com/,
https://hotelnegrecoste.com/fr/,
https://www.hotel-nautica-perros.com/,
https://hotelnapoleon-fontainebleau.com/fr/page/spa-hotel-fontainebleau-spa.17787.html,
http://www.hotelmuller.com/fr?utm_source=gmb,
http://www.hotel-morbihan.com/,
http://www.hotel-montignac.fr/,
http://hotelmonsieur.com/,
http://www.hotelmonnaie.com/,
http://www.hotel-monestie-beziers.fr/,
http://www.hotelmistral.fr/,
http://www.hotel-meursault.fr/,
http://www.hotelmer.com/,
http://www.hotelmediterranee.com/,
http://www.hotelmaricel.com/,
https://www.hotelmargaux.fr/,
http://www.hotel-marciac.com/,
http://www.hotelmangiofango.com/,
https://hotel-maison-gaia.com/?utm_source=google&utm_medium=organic&utm_campaign=mybusiness,
http://www.hotelmacon-panorama360.com/,
http://www.hotelmacchi.com/,
https://www.hotel-lyon-est.com/,
https://www.hotel-lunedemougins.com/,
https://www.hotel-litteraire-stendhal.com/,
https://www.hotellilybloom.fr/,
http://www.hotel-ligaro.com/,
https://www.hotellespalis.fr/,
https://www.hotel-lesmarechaux.com/,
http://www.hotellesgrandschenes.com/,
http://www.hotel-les-genets.com/,
http://www.hotel-les-airelles.fr/,
http://www.hotel-les-4-salines.com/?utm_campaign=uberall&utm_medium=organic&utm_source=googlelisting,
https://hotel-le-regal.fr/?utm_source=gmb,
http://www.hotel-leperigord.com/,
http://www.hotel-lemaxime.com/,
https://www.hotellemareuillais.com/,
https://hotel-lemadame.com/,
http://www.hotel-le-gardon.com/,
https://www.hotel-le-felicien.fr/,
http://www.hotel-ledormeur.com/,
https://www.hotel-le-connetable.com/,
https://www.hotellecommerce.fr/,
https://www.hotelleclos.com/,
https://hotel-le-cheval-blanc.com/,
http://hotel-lechateaufort.fr/,
http://www.hotellechateaubriant.fr/,
https://www.hotel-lecastelfleuri.fr/,
http://www.hotelleberry.com/,
https://hotel-lavoielactee.fr/,
https://hotellavilla.fr/,
https://www.hotel-lavallee.fr/,
http://www.hotel-lastiry-sare.com/,
http://www.hotel-lasegaliere-cajarc.com/,
http://www.hotellaresidence47.com/?utm_source=gmb,
https://www.hotel-la-poste-loire.com/,
https://hotel-la-perna.com/,
http://hotellamarinegroix.com/,
https://www.hotel-la-lanterne.com/,
https://www.hotel-la-croix-blanche.fr/,
http://www.hotel-lacolombiere.com/,
https://www.hotel-lacachette.com/,
https://www.hotel-kennedy.fr/,
https://www.hotel-ile-lagune.com/fr,
https://www.hotelhiroparis.com/,
https://www.hotel-haiedesvignes.com/,
http://www.hotel-guerande.com/,
https://www.hotelgriffondor.fr/,
http://www.hotelgreuze.fr/,
https://hotel-gingko.com/,
https://hotel-gatsby.com/,
http://www.hotel-garden.fr/,
http://www.hotelfrancoispremier.fr/,
https://www.hotelfontaine-caen.com/,
https://www.hotelflore.fr/?utm_source=google&utm_medium=google+business+profile,
https://hotel.les-flamants-roses.com/fr,
https://hotelfelicienparis.com/fr/?utm_source=gmb&utm_medium=organic&utm_campaign=gmb_felicien,
http://hotel-facealamer.fr/,
http://www.hotel-empereur.fr/,
http://hotelelixir.com/,
http://www.hotel-edelweiss-pralognan.com/,
http://www.hotelecu-montbard.fr/fr,
http://hotelduvieuxpont-mazeres.com/,
http://www.hoteldusaumon.com/,
https://www.hotel-du-relais-79.com/,
http://www.hotel-du-porge.com/,
https://www.hotelduperigord.fr/restaurant-de-lhotel-du-perigord-ouvert-a-tous/,
https://www.hoteldulac04.fr/,
https://www.hoteldugrandlarge.com/,
https://www.hotel-du-golf-vercors.fr/,
http://www.hotelduchateau.fr/,
https://www.hotelduchateau.com/,
http://www.hotelducentre-meursault.com/,
https://www.hotel-du-centre.com/,
https://hotel-dieppe.fr/,
http://www.hoteldetroyes.com/,
http://www.hoteldestroismassifs.fr/?utm_source=gmb,
https://www.hoteldesorfevres.com/,
http://www.hoteldesgrottes.com/,
https://www.hoteldesgouverneurs.fr/,
http://www.hotel-de-seze.com/,
http://www.hoteldesevigne.com/,
http://www.hoteldesdunesnoirmoutier.com/,
http://www.hotel-des-druides.com/,
http://www.hotel-des-amandiers.com/,
http://hoteldes2golfs.com/,
https://www.hotelderobien.com/,
http://www.hoteldemontaulbain.fr/,
https://hoteldematignon22.com/,
https://hoteldeleurope-perros.com/,
http://www.hoteldelasaulaie.com/?utm_campaign=uberall&utm_medium=organic&utm_source=googlelisting,
http://www.hoteldelaposte-pouilly.com/,
http://www.hoteldelaposte48.com/,
https://hoteldelaplage-roncelesbains.fr/,
http://hoteldelaplage.fr/,
https://www.hoteldelapaix-brest.com/,
http://www.hotel-de-la-marine.fr/,
http://www.hoteldelain.com/,
https://hoteldelagare55.fr/,
http://www.hoteldelabonnheure.com/,
https://hotel-de-france-paris.fr/,
https://www.hoteldefrance-ornans.com/,
http://www.hotel-de-france-isere.com/,
https://www.hoteldebouilhac.com/fr/hotel-restaurant-dordogne?utm_source=google&utm_medium=organic&utm_campaign=mybusiness,
http://www.hoteldebiencourt.fr/,
http://www.hotelcourriersud.fr/,
http://www.hotel-cotebrune.fr/,
http://hotelconfidentielparis.com/,
https://www.hotel-coeurdor.com/,
https://hotelcoeurdesneiges.com/fr/hotel-spa-saint-gervais-les-bains.html,
https://hotel-coeur-de-cassis.com/,
https://www.hotelclublacdorient.com/,
http://www.hotelclubdelaplage.com/,
http://www.hotel-clocher-toulouse.com/,
http://www.hotel-chilhar.com/,
https://www.hotel-chezmarie.com/,
https://www.hotel-cheminsfrancis.com/,
http://hotelchateaulacan.com/,
http://www.hotelchatbotte.com/,
http://www.hotel-chante-grelet.com/,
https://hotel-chalet-mont-blanc.com/fr/?utm_source=mybusiness&utm_medium=organic&utm_id=mybusinessorganic,
http://www.hotelceres.fr/,
https://hotel-central-trouville.com/,
http://www.hotelcentralpark.fr/,
http://www.hotelcentral-creuse.com/,
https://www.hotel-casino-saintvalery.com/?utm_source=google&utm_medium=organic&utm_campaign=my_business,
https://hotelcasamore.fr/,
http://www.hotel-cardinal.fr/,
https://www.hotel-camping-bal.fr/,
https://www.hotelburgevin.fr/,
https://hotel-brittany.com/,
https://hotel-bords-ill.fr/,
https://opera.hotel-bordeaux-centre.com/,
https://www.hotelbluegarden.com/,
http://www.hotel-bleu-france.com/,
http://hotel-bellevue-rocamadour.com/,
https://www.hotel-bellerive.fr/,
http://www.hotelbelle-epoque.com/,
https://www.hotelbelesso.fr/?utm_source=google&utm_medium=organic&utm_campaign=mybusiness,
http://www.hotel-basss.com/,
https://www.hotelbarnettparis.com/fr/,
http://www.hotel-barcelonnette.fr/,
http://www.hotelbalzac.paris/,
http://www.hotel-baie-de-somme.fr/fr/?utm_campaign=uberall&utm_source=googlelisting&utm_medium=organic,
https://www.hotelavenuelodge.com/,
http://www.hotel-aux-tamaris.com/,
https://hotelausoleil.fr/restaurant/,
https://www.hotelauclair.fr/,
https://www.hotelatorra.fr/,
http://www.hotelatena.fr/,
https://hotelastrid.fr/,
http://www.hotelargenson.com/,
http://www.hotel-aquarius.fr/,
https://www.hotelantoineparis.com/?utm_source=google&utm_medium=organic&utm_campaign=Knowledge_Graph,
http://www.hotel-anneanjou.com/,
https://www.hotelange.fr/,
https://www.hotel-anaiade.com/,
https://www.hotel-amys.com/,
https://hotel-amaya.fr/?utm_source=gmb,
http://www.hotel-alsace.fr/,
http://www.hotelaloceane.com/,
http://www.hotel-almarine-eiffel.com/,
https://hotelalgajola.com/,
http://www.hotel-algajola.com/,
https://www.hotelalexia.fr/,
http://www.hotel-albizzia-valras.com/,
http://www.hotel-acadien.com/,
https://hotel2m.com/,
http://www.facetspera.fr/,
http://www.hostellerie-des-clos.fr/,
https://www.hostel-capdecouverte.com/,
https://hosomi-ryokan.fr/,
https://www.horsdutemps-malbuisson.fr/,
https://horizonbienetre.fr/,
https://www.hoolaha.fr/,
https://holistic-studio.fr/,
https://hodellia.fr/?utm_source=Google&utm_medium=SEO&utm_campaign=GMB,
https://www.hitanorra.fr/,
https://hisseho.com/,
http://www.hippocrates.fr/,
https://www.hifrance.org/auberges-de-jeunesse/boulogne-sur-mer-annette-allan-lantz/,
https://hibiscus-institut-spa.com/,
https://www.hermitage-montreuil.com/,
https://helicea-cab.fr/,
https://heiwa-niort.fr/,
https://hebergementsmonsegu.fr/,
https://heaven-loft.com/,
https://headspaosaka.fr/,
https://headspalille.fr/,
https://www.hdmedia.fr/visite-virtuelle/hd/cbpEkpS7u-hotel-l-acadie.html,
https://www.hdesignproject.com/,
https://havenhome.fr/romans-sur-isere/,
https://www.hauteyerle.fr/,
https://haute-provence-outdoor.com/rafting-airboat-verdon/,
https://www.harmonybody.fr/,
http://www.harmonie-bien-etre.com/,
http://www.harmonessence.fr/,
https://harmonea.fr/,
https://www.hanakami-headspa.fr/,
http://www.hammam-ti.com/,
https://www.hammampacha.com/,
http://hammamlessecretsdelorient.com/,
https://hammam-leboudoir.com/,
http://www.hammam-alhambra.com/,
https://www.halte-hotel.com/?utm_source=gmb,
https://hallb.fr/,
https://www.habitation-saint-charles.com/spa/,
https://haaitza.com/?utm_source=google&utm_medium=organic&utm_campaign=mybusiness,
https://www.gvsuresnes.com/horaires-et-lieux/,
https://www.gsa-piscine.fr/,
https://www.gr-spa.com/revendeurs/49-maine-et-loire,
https://www.groundink.fr/,
http://www.grottes-villecroze.fr/%20Le%20site%20de%20r%C3%A9servation%20en%20ligne%20r%C3%A9ouvrira%20fin%20mars%202026%20pour%20une%20ouverture%20le%201er%20avril%202026,
http://www.grotte-pierre-volvic.fr/,
https://www.grottedelasalamandre.com/fr/,
https://gros-noyer.com/,
https://www.grizzlymana.com/,
https://grimpalarb.fr/,
https://www.greenfolies.com/,
https://greatbody.fr/,
https://www.gravity-parc-des-defis.fr/,
https://www.grangesbigose.com/,
https://grandperejules.com/pages/auberge-la-tuilerie,
https://www.grandorlyseinebievre.fr/centre-nautique-villeneuve-saint-georges,
http://www.grandnancyaquatiqueclub.com/,
https://www.grand-hotel-uriage.com/,
https://www.grandhotelparc.com/,
http://www.grandhotel-gerardmer.com/,
http://www.grandhoteldelascala.com/,
https://www.grandgitelacdessapins.com/?utm_source=GMB,
https://www.grandfay.fr/,
https://grandeurnature48.com/base-nautique/,
https://www.grand-defi.com/,
https://grand-barrail.com/fr/restaurant.html,
http://www.graineseveil.com/,
http://www.goupilou.fr/,
https://golf-rougemont.com/,
http://www.golfisleadam.com/,
https://www.golf-bouleaux.fr/fr/le-teebar,
https://www.goldenheadspa.com/,
http://www.glowofbeauty.fr/,
https://www.gliss-on.com/,
https://glcdimmobilier.fr/locations/love-industrie-spa-bischoffsheim/,
https://www.glamping-saintesuzanne.fr/,
https://www.gite-ty-koko.fr/,
http://www.gitetroubadour.com/,
http://www.gites-wao.fr/,
https://www.gitespaetnature.fr/,
https://giteslesrivieres.com/,
https://www.giteslaligne.fr/,
https://www.giteslabarbiere.fr/,
http://www.gitesdemarchet.com/,
https://www.gitesdarmor.fr/fr,
https://gites-centre-detente.fr/,
http://gites-alto-braco.com/,
http://gite-sainteanne.fr/,
http://gite-rosedesvents.com/,
https://gitepoumatou.fr/,
https://giteleslibellules.fr/,
https://www.gite-lesgriottes.fr/,
https://www.gite-les-fayettes.com/,
https://giteleclosdemonpere.com/,
http://gitelasource.info/,
https://www.gite-lapogee.fr/,
http://gitelahaut.fr/,
http://www.gitelafontaine.fr/,
http://gite-guernevez.fr/,
http://www.gite-grandchene-sologne.fr/,
http://www.gitedubasmesnil.com/,
https://www.gitedelavallee44.fr/,
https://gitecagouillecharente-maritime.com/,
http://www.gitebalneo.com/,
http://gite-ane.fr/,
http://www.gentlemen-spa-piscine.fr/,
http://www.geantsduciel.com/,
https://gampiscines.fr/,
https://www.gameparc86.fr/,
https://galima-institut.fr/,
https://www.galabryom.fr/,
https://gaetan-piscine-jardin.fr/,
https://www.gabare-copeyre.com/,
https://www.funspace.fr/,
https://funshine.fr/fr,
https://funnyparc.fr/,
https://www.fun-box.fr/,
https://www.froidthermique.com/,
https://french-piscineetspa.fr/,
http://www.frenchpiscine.fr/,
http://www.freedompoolspa.fr/,
https://www.fratelli-spa.fr/,
http://www.frankybanana.fr/,
https://france-etancheite.org/,
http://www.fourviere-hotel.com/,
http://www.fort-pelissier.com/,
http://www.fort-barraux.fr/,
http://www.formeozen.com/,
http://formeetbeaute.fr/,
https://www.forgeshotel.com/spa,
http://www.forestland.fr/,
https://foodcollect.fr/store/le-bellevue/reserver,
https://www.fontdouce.com/,
https://fontaine-chamonix.com/,
https://floride.fr/,
http://www.fleurdumont.com/,
https://fleeky.fr/confidences?utm_source=link_copy&utm_medium=direct,
https://fitteix.com/,
https://fitnessyutz.fr/,
http://www.finfarine.fr/,
http://filtraqua.fr/,
https://fermesaintsimeon.fr/fr/,
https://www.ferme-labrauge.com/,
http://www.fermeexotique.fr/,
https://www.fermedupoirier.com/agritourisme,
http://ferme-du-colombier.fr/,
http://www.fermedemontassou.com/,
http://www.fermedeloudon.com/,
http://www.fermebienetre.com/,
http://www.ferme50.org/,
https://ferme1802.com/,
https://www.feracheval-megeve.com/,
http://www.fepalzonne.com/,
https://www.feemains-bienetre.com/,
http://www.fcnautic.com/,
https://faraquatique.fr/,
https://www.fando.fr/,
https://www.familys-camping-lesrivesdelherault.fr/,
http://www.familypark37.com/,
https://www.family-camping-le-savoy.com/,
http://www.falaisesdarmor.bzh/,
https://www.fagnieres.fr/,
https://faael.fr/,
http://www.ezylake.com/,
https://www.exterieur-nature.com/,
https://www.explor-essence.fr/,
https://www.exploraparc.com/,
http://www.expertsilhouette.fr/,
https://www.experience-bearn.com/,
https://www.expeau.com/,
http://www.exaltesublimezvous.fr/,
https://eveildessens.fr/,
https://evaziona.fr/,
http://www.evasion-spaprivatif.fr/,
https://www.evasionprivee.com/?utm_source=google&utm_medium=wix_google_business_profile&utm_campaign=2807628633291518196,
http://www.evasionaunaturel.com/?utm_source=google&utm_medium=wix_google_business_profile&utm_campaign=2432835565564674075,
https://www.europe-hotel-brest.fr/,
https://www.europacamp.com/,
https://euroceane.fr/,
http://www.etre-bien-maac.fr/,
https://www.etherespa.fr/,
https://www.etatdeflow.com/,
https://www.etangsdumoulin.fr/,
https://www.etangetvillage.com/,
https://www.etang-du-moulin.com/chambres/,
https://www.estive-bonneval.fr/,
http://www.esthetiqueminceurbeauchamp.fr/,
http://www.estheticienne-vermelles.fr/,
https://www.estheticath.fr/,
https://www.essentielspa.fr/,
http://www.esplanade-eden.fr/,
https://espadons-thalassa.com/,
https://www.espacethermal.fr/,
http://www.espace-quilly.com/,
http://espace-piscine.fr/,
https://www.espace-o-levezou.com/,
http://www.espace-neptuna.fr/,
http://www.espace-m-institut.com/,
https://espaceles3sources.fr/,
https://espace-la-villanelle.fr/,
https://www.espace-eauvive.com/camping-gite-isle-de-la-serre-tentes-hebergements-insolites-viarhona-lyon-isere/,
https://www.espace-eau.com/,
https://espacedetentereims.fr/,
http://espace-cosy.fr/,
https://www.espacecardio.fr/,
https://www.espacebienetre-neubourg.fr/,
https://espace-attitude-sante.fr/,
https://www.espace-aquatique-nova.fr/,
https://www.espaceaquatiquelinae.fr/,
https://escapades-occitanie.fr/,
https://www.escapades-en-perigord.com/,
http://www.escapadenatureargentat.com/,
https://escapade-et-spa.fr/,
https://www.escapade-argences.fr/,
http://www.escalevspa.com/,
https://escalesdetente.fr/,
https://www.escale-etdetente.fr/,
http://www.escaledesaulnes.com/,
https://escalecosy.fr/,
http://erna-piscine.com/,
https://eric-harmonie.fr/,
https://erdre-piscines.com/?utm_source=gmb,
https://www.eqynox-en-champagne.com/,
http://www.eoleaventure.fr/,
https://entrevignesetpiscines.fr/,
https://www.entreterreetciel.bzh/,
http://www.enki-hydraulique.fr/,
https://energy-zen.fr/,
https://enclunisois.fr/actions/culture-loisirs/piscine-daniel-decercle-la-guiche/,
https://www.empreinte-tamatoa.fr/,
https://www.emmaus53.net/,
https://emgidi.com/,
https://www.emeriadinard.com/fr/?utm_medium=organic&utm_source=GBP,
https://www.emaveda.fr/,
http://www.elysea-spa.fr/,
https://elosparc.fr/,
https://www.elo-skin-beauty.fr/,
https://elizondoa.fr/,
https://elementsdelanature.com/,
https://elegance-spa-suite.fr/,
https://elegance-piscines-spas.com/,
https://eldorado-cctnp.fr/,
https://www.eldo.com/pro/aquatech_77/,
https://www.effervescence-spa.com/,
https://www.edsunloisirs.com/,
https://ed-services.fr/,
https://www.edenspashowroom.fr/,
http://www.edenhotel-montmartre.com/,
https://www.edenforestandspa.com/,
http://www.eden-de-rachel.com/,
https://ecuriesdeslongueshaies.fr/,
https://ect33.com/?utm_source=gmb,
https://www.ecovillage3h.com/,
https://www.ecopiscines.fr/,
https://www.eclipsea.fr/,
https://www.eclatdesoiernee.com/,
https://www.echappee-vosgienne.com/,
https://www.echappee-belle.fr/,
http://eauetplaisir.fr/,
http://www.e2mbleupassion.fr/,
https://www.dynamicspa.fr/,
https://www.dusoinasoi.fr/,
http://www.durancia.com/,
https://duo-caudry.fr/,
https://www.dunesource.com/,
https://dufaudpiscines.com/,
https://www.dsdh-formation.fr/,
http://dromies.fr/,
http://www.dreamranch.fr/,
https://drainagerenatabysophie.com/,
http://www.douceuretpassion.fr/,
http://douceurambree.fr/,
http://www.doubs-massage.com/,
http://www.dormy-house.com/,
https://www.dometvie.fr/stores/dometvie-mulhouse/,
http://www.domedubienetre.com/,
https://www.domeabulles.fr/,
https://www.dome-78.fr/,
https://www.domaine-valinches.fr/,
http://www.domaine-utah-beach.com/,
http://www.domaine-tarbouriech.fr/,
https://www.domaine-sevenier.fr/,
https://www.domaine-saintlouis.com/la-bastide/,
https://www.domainequercy.com/?utm_source=google&utm_medium=organic&utm_campaign=gbp,
https://www.domaine-petit-trianon.com/,
https://www.domaineoyat.com/,
http://www.domaine-mirabilis.com/,
http://domaineminiobihan.fr/,
https://domainelesfalaises.com/,
https://www.domaineles2mondes.fr/,
https://www.domaine-la-scierie.com/?utm_source=google&utm_medium=domainelascierie&utm_campaign=fiche&utm_id=utm+domaine+de+la+scierie,
http://www.domaine-lacigaliere.com/,
http://www.domainegolfalbon.fr/,
https://www.domaine-ecotelia.com/espace-bien-etre.php,
https://www.domaine-eclaircie.com/fr/,
https://www.domainedulac-dordogne.com/?utm_source=google&utm_medium=organic,
https://www.domainedugroschenehonfleur.com/,
https://www.domainedugrandbrugeron.fr/,
http://www.domaineducolombier.com/,
https://www.domaineduchateauvert.fr/,
https://domaine-dolomieu.com/fr/?utm_source=MyBusiness,
https://www.domainedewailly.com/,
https://www.domainedevieuxmareuil.com/,
